Occupation score,Occupation score adjusted,Colby score,first_name,last_name,urls,args
1.0,0.06666666666666668,0.0,Michael,Gordon,"['https://www.odt.co.nz/business/multiple-market-risks-week-make-predictions-tough', 'https://www.law.com/newyorklawjournal/2018/07/30/akshay-belani-joins-stroock-from-morgan-lewis/', 'http://www.espn.com.au/nrl/story/_/id/24223596/sami-shows-best-inconsistent-titans', 'https://www.interest.co.nz/news/95042/economists-say-it%25E2%2580%2599s-likely-new-zealand%25E2%2580%2599s-unemployment-rate-won%25E2%2580%2599t-move-when-data-released']",0
40.0,1.6666666666666667,0.0,David,Pulver,['http://bharatapress.com/2018/07/29/tributary-capital-management-llc-has-1-39-million-stake-in-carters-inc-cri/'],0
6.0,0.35294117647058826,0.0,Andrew,Davis,"['http://www.gainesville.com/news/20180728/students-get-backpacks-glimpse-of-safety-training-at-back-to-school-rally', 'http://www.the-messenger.com/sports/article_bd3d408d-fe9d-5f4b-8e29-b289e6068c10.html']",0
2.0,0.13333333333333333,0.0,Michael,Gordon,['https://www.nrl.com/news/2018/07/29/gold-coast-titans-notch-their-biggest-ever-win-over-the-warriors/'],0
0.0,0.0,0.0,Bernard,Osher,['https://wydaily.com/local-news/2018/07/28/william-marys-christopher-wren-association-to-be-renamed-as-part-of-100000-grant/'],0
0.0,0.0,0.0,Sunil,Thakor,['http://www.dnaindia.com/ahmedabad/report-gujarat-vaccine-deaths-team-from-centre-gives-clean-chit-2642922'],0
0.0,0.0,0.0,Kathleen,Reed,['https://lfpress.com/news/local-news/deadly-crossover-crash-worst-day-of-my-life-woman-tells-st-thomas-court'],0
3.0,0.2,0.0,Michael,Gordon,"['http://www.wamc.org/post/rogovoy-report-72718', 'https://www.nrl.com/news/2018/07/28/tyrone-peacheys-compelling-audition-to-become-penrith-panthers-permanent-fullback/']",0
14.0,0.5833333333333334,0.0,David,Pulver,"['https://www.fairfieldcurrent.com/2018/07/27/carters-cri-releases-q3-earnings-guidance.html', 'https://www.mareainformativa.com/2018/07/26/carters-cri-releases-quarterly-earnings-results-beats-estimates-by-0-22-eps.html']",0
39.5,1.5799999999999998,0.0,Phillip,Frost,"['https://www.miaminewtimes.com/arts/pusha-t-floyd-mayweather-becky-g-party-in-miami-10563190', 'https://flecha123.com/2018/07/27/the-insider-phillip-frost-made-a-purchase-of-90000-shares-of-opko-health-inc-opk-first-bancorp-fbp-had-3-bulls/']",0
0.0,0.0,0.0,Steve,Cummings,['https://www.theinertia.com/surf/the-playful-perfection-that-has-been-lowers-this-week/'],0
7.75,0.4558823529411765,0.0,Andrew,Davis,"['https://www.rollcall.com/news/hoh/lipinski-remembers-late-staffer-andrew-davis', 'https://www.politico.com/newsletters/morning-transportation/2018/07/27/a-series-of-unfortunate-delays-298432', 'https://www.thedailytimes.com/news/burchett-fundraiser-hosts-included-names-of-matlock-supporters/article_713c0331-8d9e-5e6c-8b5a-be6c5277a27f.html', 'http://kbnd.com/kbnd-news/local-news-feed/373253']",0
0.0,0.0,0.0,Bernard,Osher,['http://dailytidings.com/news/top-stories/olli-builds-learning-and-social-connections'],0
47.5,2.6388888888888893,0.0,Rick,McVey,"['https://seekingalpha.com/article/4190115-marketaxess-mktx-ceo-rick-mcvey-q2-2018-results-earnings-call-transcript', 'https://globenewswire.com/news-release/2018/07/25/1541739/0/en/MarketAxess-Reports-Second-Quarter-2018-Revenues-of-107-0-Million-Operating-Income-of-52-0-Million-and-Diluted-EPS-of-1-07.html']",0
0.0,0.0,0.0,Steve,Cummings,['http://www.wbay.com/content/news/Oshkosh-warming-shelter-proposes-major-expansion--489064721.html'],0
17.0,0.7083333333333334,0.0,David,Pulver,['https://www.fairfieldcurrent.com/2018/07/24/carters-cri-scheduled-to-post-quarterly-earnings-on-wednesday.html'],0
24.5,1.3611111111111112,0.0,Anne,Wolff,"['http://endigest.com/2018/07/25/occidental-petroleum-oxy-holder-salem-capital-management-raised-stake-by-364800-as-market-valuation-rose-amphenol-aph-shareholder-coastline-trust-co-has-raised-holding/', 'https://cardinalweekly.com/analysts-see-1-61-eps-for-digital-realty-trust-inc-dlr-spf-beheer-bv-has-trimmed-amphenol-aph-stake-by-4-44-million/']",0
70.0,2.8,0.0,Phillip,Frost,['http://kreviewer.com/2018/07/25/the-insider-phillip-frost-pays-for-55000-shares-of-opko-health-inc-opk-ingles-markets-imkta-has-1-15-sentiment/'],0
0.0,0.0,0.0,Susan,Boland,['https://www.mdjonline.com/news/lifestyle/sally-litchfield-summer-girl-s-night-out-thrills-glover-park/article_31e7a828-8fa1-11e8-ba6e-57eda281040d.html'],0
3.25,0.1911764705882353,0.0,Andrew,Davis,"['http://www.wtxl.com/news/madison-county-community-mourns-loss-of--year-old-child/article_d4d0904a-8f7e-11e8-a7a1-2f17b0773e46.html', 'http://www.gainesville.com/news/20180724/get-head-start-on-school-year', 'https://www.eurosport.co.uk/fencing/historic-silver-success-for-kruse-at-fencing-world-championships_sto6861019/story.shtml', 'http://www.bbc.co.uk/sport/fencing/44935278']",0
30.25,1.6805555555555558,0.0,Anne,Wolff,"['https://flecha123.com/2018/07/24/quantbot-technologies-lp-has-boosted-amphenol-aph-stake-by-595722-quaker-capital-investments-increased-holding-in-spirit-airls-save/', 'https://cardinalweekly.com/as-amphenol-new-aph-shares-declined-shareholder-richard-bernstein-advisors-has-upped-position-as-ulta-beauty-call-ulta-valuation-rose-avalon-global-asset-management-upped-stake/', 'https://flecha123.com/2018/07/23/snyder-capital-management-lp-decreased-amphenol-corp-cl-a-aph-position-as-shares-declined-ionic-capital-management-has-upped-its-stake-in-oracle-orcl-by-2-42-million-as-stock-price-declined/', 'https://flecha123.com/2018/07/23/as-crown-castle-intl-new-cci-share-price-declined-obermeyer-wood-investment-counsel-lllp-has-raised-by-302911-its-holding-neuberger-berman-group-trimmed-its-amphenol-aph-stake-as-valuation-dec/']",0
22.66666666666667,0.9066666666666668,0.0,Phillip,Frost,"['https://news.fiu.edu/2018/07/frost-art-museum-welcomes-amateurs-to-their-monthly-drawing-salons/124545', 'https://www.highbrowmagazine.com/9268-deconstructiona-reordering-life-politics-and-art-frost-art-museum', 'https://flecha123.com/2018/07/23/phillip-frost-ceo-ichor-holdings-ordinary-shares-ichr-sellers-increased-by-2-41-their-shorts/']",0
1.0,0.05,0.0,Sara,Burns,['https://www.courierpress.com/story/news/2018/07/22/vanderburgh-county-sheriffs-office-releases-new-list-warrants/815338002/'],0
0.0,0.0,0.0,John,O'Neil,['https://www.dailyrecord.co.uk/sport/football/football-news/hibs-warned-face-welcome-hell-12969504'],0
3.0,0.06666666666666668,0.0,Joe,Boulos,['http://www.northernpen.ca/living/oquinn-cars-with-history-will-be-entered-in-joe-macneil-antique-and-unique-car-show-228082/'],0
37.25,2.069444444444444,0.0,Anne,Wolff,"['https://flecha123.com/2018/07/22/amphenol-aph-shareholder-gillespie-robinson-hca-healthcare-com-hca-holding-has-raised-by-redmond-asset-management-llc/', 'https://flecha123.com/2018/07/22/clarkston-capital-partners-position-in-microsoft-msft-lowered-as-share-price-rose-morgan-dempsey-capital-management-position-in-amphenol-aph-lowered-by-7-41-million/', 'https://cardinalweekly.com/south-texas-money-management-ltd-has-cut-its-bank-of-america-bac-holding-segall-bryant-hamill-has-boosted-its-enersys-ens-stake/', 'https://flecha123.com/2018/07/22/grantham-mayo-van-otterloo-thomson-horstmann-bryant-has-trimmed-houston-wire-and-cable-hwcc-position-by-314286/']",0
3.75,0.22058823529411767,0.0,Andrew,Davis,"['https://magicvalley.com/news/local/community/wake-in-the-snake-winners/article_6e3c639e-186e-5a91-9a5d-3b532b1da91f.html', 'http://www.recordonline.com/sports/20180721/july-21-auto-racing-roundup', 'https://www.greenvilleonline.com/videos/news/2018/07/22/greenville-judge-alex-kinlaw-makes-history/808174002/', 'https://westcooknews.com/stories/511493429-forest-park-home-sales-july-8-14-2018']",0
2.0,0.06896551724137931,0.0,Steve,Cummings,"['http://www.cyclingnews.com/features/massif-central-a-chance-for-breakaways-but-no-time-off-for-the-gc-preview/', 'https://www.cyclingweekly.com/news/racing/tour-de-france/played-hard-can-went-jasper-stuyven-goes-agonisingly-close-victory-tour-stage-14-387593']",0
2.0,0.13333333333333333,0.0,Michael,Gordon,['http://leagueunlimited.com/news/32227-results-2018-national-rugby-league-round-19/'],0
6.0,0.4615384615384616,0.0,Bob,Diamond,"['http://www.atimes.com/italian-banker-dodges-queries-on-africa-deals/', 'http://infosurhoy.com/cocoon/saii/xhtml/en_GB/news-summary/italys-new-bank-to-invest-3-bln-euros-in-bad-loans/']",0
5.0,0.3333333333333333,0.0,Michael,Gordon,['https://www.foxsports.com.au/nrl/nrl-premiership/live-nrl-newcastle-knights-v-gold-coast-titans-live-score-updates-news-blog/news-story/71485e3514ce9ef05d1ca1d50503a1ee'],0
2.0,0.15384615384615385,0.0,Peter,Rouse,['https://www.harrogate-news.co.uk/2018/07/19/new-head-and-deputy-head-students-at-harrogate-grammar-school/'],0
0.0,0.0,0.0,John,O'Neil,['http://plymouth.wickedlocal.com/photogallery/WL/20180720/NEWS/720009990/PH/1'],0
0.0,0.0,0.0,Jane,Powers,['http://www.irishexaminer.com/breakingnews/lifestyle/review-incantata-a-brilliantly-unstable-experience-856684.html'],0
0.0,0.0,0.0,Bernard,Osher,"['https://www.wm.edu/news/stories/2018/christopher-wren-association-receives-national-grant.php', 'https://leisuregrouptravel.com/steve-thaxton-osher-lifelong-learning-institutes/']",0
7.0,0.4117647058823529,0.0,Andrew,Davis,['https://magicvalley.com/sports/high-school/local-roundup-cowboys-beat-storm-in-st-round-of-district/article_ecde8dd5-ce45-53fd-9447-9252160ddeed.html'],0
2.5,0.19230769230769232,0.0,Bob,Diamond,"['http://www.ifre.com/bob-diamond-i-quit-after-becoming-lightning-rod/21349065.article', 'https://www.reuters.com/article/italy-banks-spaxs-plan/italys-new-bank-to-invest-3-bln-euros-in-bad-loans-chase-high-margin-debt-idUSL8N1UG46K']",0
15.0,0.8333333333333334,0.0,Anne,Wolff,['https://cardinalweekly.com/gillespie-robinson-galapagos-nv-ordinary-shares-glpgf-shorts-increased-by-16-36/'],0
16.0,1.2307692307692308,0.0,Pete,Rouse,['https://www.whitehousedossier.com/2018/07/19/michelle-obama-joins-2018-campaign-bigly/'],0
0.0,0.0,0.0,Bob,Diamond,['http://www.thisismoney.co.uk/money/comment/article-5967643/CITY-DIARY-Lloyd-Blankfein-says-hes-looking-forward-unrestrained-tweeting-retires.html'],0
2.5,0.08620689655172414,0.0,Steve,Cummings,"['https://patch.com/california/petaluma/dont-call-police-yells-suspect-botched-petaluma-burglaries', 'http://www.guardian-series.co.uk/sport/16364438.mark-cavendishs-tour-de-france-over-after-missing-time-cut/']",0
10.0,0.4166666666666667,0.0,David,Pulver,['https://www.mareainformativa.com/2018/07/18/carters-cri-to-release-earnings-on-wednesday.html'],0
0.0,0.0,0.0,Jane,Powers,['https://www.irishexaminer.com/breakingnews/lifestyle/features/poet-paul-muldoons-intimate-work-incantata-is-being-re-imagined-for-the-theatre-at-galway-arts-festival-855901.html'],0
2.0,0.2222222222222222,0.0,John,O'Neil,"['https://thetablet.org/summer-books-iii-2018/', 'https://www.racing.com/news/2018-07-18/kheir-grows-japanese-stock']",0
11.0,0.8461538461538461,0.0,Bob,Diamond,['http://www.thetelegraphandargus.co.uk/uk_national_news/16360281.former-barclays-boss-diamond-says-it-was-not-fair-he-took-blame-for-libor/'],0
3.0,0.10344827586206896,0.0,Steve,Cummings,['http://www.altavistajournal.com/online_features/article_8a130364-8a90-11e8-a374-c7129293677f.html'],0
1.0,0.06666666666666668,0.0,Michael,Gordon,['https://www.statesman.com/news/local/district-summer-football-tour-new-coach-new-hope-for-anderson/c936sMqeD9rV0RTErem5IJ/'],0
3.0,0.16666666666666666,0.0,Rick,McVey,['https://www.marketsmedia.com/fimsac-recommends-e-trading-regulatory-reform/'],0
0.0,0.0,0.0,Jamie,Forese,['https://www.thisdaylive.com/index.php/2018/07/18/citi-wins-euromoney-awards/'],0
0.0,0.0,0.0,Karen,Cummings,['https://www.clantonadvertiser.com/2018/07/16/deeds-transferred-in-chilton-county-for-the-week-of-july-7/'],0
62.0,3.444444444444444,0.0,Anne,Wolff,"['https://hillaryhq.com/2018/07/17/as-bank-amer-bac-market-value-declined-shareholder-tiedemann-wealth-management-cut-position-by-521370-brant-point-investment-management-has-trimmed-stake-in-scotts-miracle-gro-co-smg-by-7929/', 'https://flecha123.com/2018/07/17/susquehanna-international-group-llp-cut-consumer-portfolio-svcs-cpss-stake-marvin-palmer-associates-upped-its-amphenol-aph-holding/']",0
7.5,0.44117647058823534,0.0,Andrew,Davis,"['https://www.pnj.com/story/news/2018/07/17/civiccon-andrew-davis-successful-cities-want-get-rich-target-niche/788325002/', 'https://www.pnj.com/picture-gallery/news/2018/07/16/photos-civiccon-speaker-andrew-davis-talks-about-laws-of-attraction/36922777/', 'https://www.pnj.com/story/news/2018/07/17/civiccon-podcast-where-cities-really-get-their-money/793204002/', 'https://news.uga.edu/gallery-students-tending-ugarden/']",0
9.5,0.5588235294117647,0.0,Andrew,Davis,"['https://www.knoxnews.com/story/news/politics/2018/07/16/complaint-matlock-used-tire-business-promote-campaign-congress/787355002/', 'http://www.csrwire.com/press_releases/41197-17th-Annual-Employee-Engagement-Summit-Tackles-Tough-Topics-and-Inspires-Action']",0
34.0,1.3076923076923077,0.0,Kevin,Starr,['https://www.fairfieldcurrent.com/2018/07/16/somewhat-positive-media-coverage-somewhat-unlikely-to-impact-sage-therapeutics-sage-stock-price.html'],0
1.0,0.06666666666666668,0.0,Michael,Gordon,"['https://www.nbr.co.nz/article/weaker-kiwi-dollar-rising-oil-prices-are-feeding-inflation-jr-p-216885', 'https://blogs.wsj.com/washwire/2018/07/16/capital-journal-the-u-s-russia-summit-securing-elections-new-tone-at-epa/', 'https://www.developmentfinancetoday.co.uk/article-desc-6630_Is%2520Northern%2520Ireland%2520the%2520next%2520hotspot%2520for%2520property%2520developers']",0
37.75,2.0972222222222223,0.0,Anne,Wolff,"['https://hillaryhq.com/2018/07/15/as-amphenol-new-aph-stock-price-declined-shareholder-koch-industries-lifted-its-stake-trupanion-trup-holding-lifted-by-lagoda-investment-management-lp/', 'https://hillaryhq.com/2018/07/16/as-lincoln-natl-corp-lnc-market-valuation-declined-verity-asset-management-has-lowered-its-holding-as-bank-of-america-bac-market-value-declined-linden-advisors-lp-lowered-by-5-11-million-its/', 'https://hillaryhq.com/2018/07/15/alphamark-advisors-trimmed-by-314154-its-lear-lea-position-nuveen-asset-management-has-trimmed-its-amphenol-new-aph-holding/', 'http://cardinalweekly.com/general-american-investors-company-has-raised-by-4-52-million-its-discovery-disca-stake-amphenol-aph-sellers-increased-by-9-47-their-shorts/']",0
10.5,0.6176470588235294,0.0,Andrew,Davis,"['https://www.pnj.com/story/news/2018/07/15/civiccon-andrew-davis-learn-laws-attraction-andrew-davis/776876002/', 'https://magicvalley.com/news/local/photos-wake-in-the-snake/collection_35c9d34b-04c6-5f4b-99de-efd8d4d16476.html']",0
1.0,0.06666666666666668,0.0,Michael,Gordon,"['https://www.odt.co.nz/business/inflation-tipped-be-sluggish', 'https://www.foxsports.com.au/nrl/nrl-late-mail-round-18-maloney-sent-for-scans-origin-stars-rested/news-story/008a8a515e86a9d8f31b6b9ee17909eb', 'https://www.dailytelegraph.com.au/sport/nrl/titans-v-roosters-team-lists-for-round-18-clash/news-story/1742e09ed8ded714ed7e81bc20ff8c03', 'http://leagueunlimited.com/news/32185-results-2018-national-rugby-league-round-18/']",0
32.25,1.7916666666666667,0.0,Anne,Wolff,"['http://cardinalweekly.com/rathbone-brothers-plc-has-lifted-amphenol-usd0-001-cls-a-common-stock-aph-position-as-fomento-economico-mexicano-s-fmx-share-price-declined-ashmore-group-plc-has-lowered-its-stake/', 'http://cardinalweekly.com/smithfield-trust-company-trimmed-texas-instrs-com-txn-stake-by-411073-snyder-capital-management-lp-decreased-amphenol-corp-cl-a-aph-position/', 'https://cardinalweekly.com/arete-wealth-advisors-has-lifted-holding-in-international-business-machs-ibm-by-659430-as-share-price-declined-pitcairn-company-lowered-its-amphenol-new-aph-position-by-369456-as-shares-decli/', 'http://cardinalweekly.com/oceanfirst-finl-ocfc-shareholder-endeavour-capital-advisors-has-upped-its-holding-by-22-39-million-linden-advisors-lp-has-lowered-holding-in-bank-of-america-bac-by-5-11-million-as-shares-declin/']",0
2.0,0.1,0.0,Sara,Burns,['http://www.marshallindependent.com/news/local-news/2018/07/the-wilder-pageant-in-walnut-grove-was-back-with-a-special-flood-relief-night-for-area-residents/'],0
7.0,0.4666666666666667,0.0,Michael,Gordon,['https://www.cnbc.com/2018/07/13/university-of-louisville-removes-papa-johns-name-from-stadium.html'],0
0.0,0.0,0.0,Jamie,Forese,['https://www.exchange.co.tz/citi-harvests-bountifully-at-the-euromoney-global-awards-for-excellence/'],0
2.5,0.14705882352941174,0.0,Andrew,Davis,"['https://www.bbc.co.uk/news/entertainment-arts-44805745', 'https://www.yahoo.com/entertainment/die-hard-30-10-best-action-films-followed-classic-template-130001555.html']",0
2.0,0.06896551724137931,0.0,Steve,Cummings,"['https://www.thenorthwestern.com/story/news/local/oshkosh/2018/07/13/american-legion-wisconsin-turns-100-new-cook-fuller-post-building/782519002/', 'http://www.cyclist.co.uk/news/5018/peloton-drafting-even-more-efficient-than-we-first-thought-new-study-finds']",0
7.0,0.5833333333333334,1.0,Paula,Lunder,['https://hyperallergic.com/450907/colby-college-jackson-pollock-getty-rothschild-pentateuch/'],0
3.6666666666666665,0.24444444444444444,0.0,Michael,Gordon,"['http://kpic.com/news/local/at-work-or-play-take-steps-to-stay-safe-under-the-sun', 'https://www.nrl.com/news/2018/07/13/flash-gordon-ready-to-face-former-club/', 'https://www.businessnewsaus.com.au/articles/blue-sky-bounces-back-in-june.html']",0
0.0,0.0,0.0,Michael,Sylvester,['http://www.mysuncoast.com/news/years-later-man-s-mysterious-murder-remains-unsolved/article_e0ab9940-86ab-11e8-9bf0-e39a5b52a9de.html'],0
0.0,0.0,0.0,Karen,Cummings,['https://www.adelaidenow.com.au/entertainment/arts/honours-the-kaurna-nation-music-and-dance-exceptional/news-story/a1679e4325358b881670890a493752f6'],0
4.5,0.3,0.0,Michael,Gordon,"['https://money.cnn.com/2018/07/12/technology/uber-london-europe/index.html', 'https://www.pressandjournal.co.uk/fp/news/islands/1518337/archaeologists-may-have-to-oversee-iona-shop-demolition-as-building-work-could-unearth-remains/']",0
31.5,1.26,0.0,Phillip,Frost,"['https://seekingalpha.com/article/4186745-weekly-insider-trading-july-10', 'https://www.equities.com/news/opko-health-inc-opk-moves-higher-on-volume-spike-for-july-11']",0
0.0,0.0,0.0,Jamie,Forese,['https://www.businesswire.com/news/home/20180712005041/en/Citi-Receives-Top-Honors-Euromoney-Global-Awards'],0
0.0,0.0,0.0,James,Crook,['http://ironcountytoday.com/life/wedding-aubrey-rose-bryson-kody-james-crook/'],0
2.0,0.2222222222222222,0.0,John,O'Neil,"['https://www.mycitizensnews.com/police-2/2018/07/naugatuck-police-blotter-233/', 'https://www.centralmaine.com/2018/07/11/maine-man-who-killed-grandmother-with-golf-club-wrench-and-knife-seeks-to-have-sentence-reduced/']",0
25.0,1.3888888888888888,0.0,Anne,Wolff,['https://hillaryhq.com/2018/07/12/analysts-see-0-85-eps-for-amphenol-aph-2-analysts-are-bullish-enlink-midstream-enlc-last-week/'],0
4.75,0.2794117647058824,0.0,Andrew,Davis,"['https://www.thesun.co.uk/uncategorized/6750422/sandition-itv-whos-in-the-cast-jane-austen-adaptation/', 'http://www.altoonamirror.com/life/school-notes/2018/07/honor-roll-88/', 'http://goodmenproject.com/featured-content/balancing-wants-needs-and-dreams-ndgt/', 'http://www.windycitymediagroup.com/lgbt/NATIONAL-Historic-town-hall-Trump-and-the-military/63455.html']",0
5.0,0.2,0.0,Phillip,Frost,['https://news.artnet.com/art-world/29-museum-exhibitions-summer-2018-1194011'],0
2.0,0.1176470588235294,0.0,Andrew,Davis,"['http://www.seacoastonline.com/news/20180710/montana-state-graduate', 'http://www.classical-music.com/article/six-best-first-nights-proms', 'http://www.windycitymediagroup.com/lgbt/SAVOR-Mott-St-Silver-Fork-program/63441.html']",0
3.0,0.17647058823529413,0.0,Andrew,Davis,"['https://www.pnj.com/story/news/2018/07/09/civiccon-speaker-calendar-whos-coming-and-when/769600002/', 'http://www.the-leader.com/news/20180709/campbell-savona-junior-senior-high-school-announces-honor-roll', 'https://www.pressconnects.com/story/money/2018/07/09/broome-county-real-estate-transactions/758307002/']",0
2.0,0.1,0.0,Sara,Burns,['http://www.wwnytv.com/story/38601532/reta-a-sanford-burns-73-of-star-lake'],0
4.0,0.26666666666666666,0.0,Michael,Gordon,['https://www.splicetoday.com/music/music-for-right-now'],0
4.0,0.2352941176470588,0.0,Andrew,Davis,"['https://wreg.com/2018/07/08/fireworks-prank-sends-people-into-panic-forces-lockdown-at-wolfchase-galleria/', 'https://www.palmbeachdailynews.com/news/opinion/editorial-zero-tolerance-policy-hits-close-home/6eJpLPtUQMqPWJPIvr3XOP/']",0
28.0,2.1538461538461537,0.0,Bob,Diamond,['https://m.khaleejtimes.com/business/markets/a-little-throwback-to-barclays-big-bang-and-the-city-of-london'],0
1.0,0.06666666666666668,0.0,Michael,Gordon,"['http://www.dailytelegraph.com.au/sport/nrl/jonus-pearson-poleaxes-michael-gordon/video/423da53a4d54bfdbbe1bfae759a59628', 'https://www.smh.com.au/sport/nrl/broncos-boost-points-differential-in-thrashing-of-titans-20180708-p4zq9z.html', 'https://www.foxsports.com.au/nrl/nrl-premiership/teams/nrl-round-17-late-mail-news-team-changes-squad-updates/news-story/262fc550b68ce332d597347006973a88', 'https://www.nrl.com/news/2018/07/08/gold-coast-titans-forward-kevin-proctor-battled-illness-during-heavy-loss-to-brisbane-broncos/']",0
5.0,0.29411764705882354,0.0,Andrew,Davis,"['http://www.vindy.com/news/2018/jul/07/jenna-donofrio-v-ryan-buck/', 'https://www.mcdowellnews.com/news/mcdowell-s-workforce-wellness-gets-statewide-attention/article_c0765ca4-815c-11e8-bf25-938e7d882316.html']",0
1.6666666666666667,0.1111111111111111,0.0,Michael,Gordon,"['http://northofboston.wickedlocal.com/sports/20180706/annual-michael-gordon-fishing-derby-enjoys-another-great-day-in-danvers-on-mill-pond-', 'https://qconline.com/news/today-in-history/today-in-history/article_28e51132-c08a-5d3a-8704-69def2149b9e.html', 'https://www.correctionsone.com/treatment/articles/477321187-An-inmate-signed-up-for-Ramadan-fast-Now-hes-suing-because-he-got-hungry/']",0
4.0,0.16,0.0,Phillip,Frost,"['https://hyperallergic.com/448274/mining-the-myths-and-mysteries-of-poison-over-the-centuries/', 'https://www.constructionspecifier.com/u-s-projects-make-world-architecture-festival-awards-shortlist/']",0
1.0,0.05555555555555555,0.0,Anne,Wolff,['http://www.mankatofreepress.com/news/local_news/highway-sinkhole-situation-is-stable/article_47b964c0-8155-11e8-b0a5-83839db2f595.html'],0
0.0,0.0,0.0,Steve,Cummings,"['http://www.adventuresinpoortaste.com/2018/07/05/dungeons-dragons-evil-at-baldurs-gate-2-the-thieves-get-their-day/', 'https://www.intocycling.co.za/team-dimension-data-line-includes-climber-focused-team-tour-austria/']",0
0.5,0.03333333333333333,0.0,Michael,Gordon,"['https://urbanmatter.com/chicago/5-things-to-do-in-chicago-this-weekend/', 'https://www.leeds-live.co.uk/news/leeds-news/charles-bronson-trial-assault-leeds-14873551']",0
0.0,0.0,0.0,Michael,Sylvester,['https://www.telegraphindia.com/entertainment/people-s-champa-packs-a-punch-dgtl-242691'],0
4.0,0.2352941176470588,0.0,Andrew,Davis,"['https://www.wsav.com/news/local-news/american-airlines-becomes-first-commercial-jet-service-at-hilton-head-airport/1284806470', 'https://www.ourdavie.com/2018/07/05/davie-elementary-academic-honor-students/']",0
1.0,0.07692307692307693,0.0,Bob,Diamond,['http://www.thisismoney.co.uk/money/comment/article-5922411/CITY-DIARY-German-born-bosses-Jaguar-Airbus-BMW-orchestrating-Project-Fear.html'],0
0.0,0.0,0.0,Sunil,Thakor,['https://timesofindia.indiatimes.com/city/vadodara/after-three-months-12-ganpatpura-residents-held-for-attacking-cops/articleshow/64847614.cms'],0
1.0,0.06666666666666668,0.0,Michael,Gordon,['https://wnep.com/2018/07/04/hot-weather-for-pineknotter-days/'],0
0.0,0.0,0.0,John,O'Neil,['https://www.journaltribune.com/articles/front-page/family-member-speaks-out-about-sentencing-of-oob-man/'],0
0.5,0.03333333333333333,0.0,Michael,Gordon,"['http://www.musicweek.com/waves/read/making-waves-amun/073055', 'https://www.goldcoastbulletin.com.au/sport/gold-coast-titans-suns-bosses-hail-hoped-for-new-era-at-venues/news-story/4b3c4295dedbd5e22ba311de8b74134c']",0
3.75,0.22058823529411764,0.0,Andrew,Davis,"['http://jonesbahamas.com/privy-council-allows-appeal-of-die-stubbs/', 'http://www.tribune242.com/news/2018/jul/03/privy-council-orders-new-appeal-policemans-killers/%3Fnews', 'http://www.windycitymediagroup.com/lgbt/DINING-Noyanes-snowball-Wieners-Circle-West-Lake-Market/63392.html', 'http://www.windycitymediagroup.com/lgbt/NATIONAL-Abused-child-bisexual-health-electoral-news/63393.html']",0
1.3333333333333333,0.08888888888888889,0.0,Michael,Gordon,"['http://www.fox35orlando.com/news/local-news/methamphetamine-dealer-sentenced-to-25-years-in-prison', 'https://www.azcentral.com/story/news/local/arizona/2018/07/02/serial-rapist-sentenced-years-afterward/752951002/', 'https://www.foxsports.com.au/nrl/nrl-premiership/nrl-team-tips-round-17-early-mail-injuries-predicted-teams-for-every-game/news-story/181994a5f9c98e043088adf039720d7c']",0
1.0,0.1111111111111111,0.0,John,O'Neil,['https://www.journaltribune.com/articles/front-page/oob-man-asking-for-reconsideration-of-life-sentence/'],0
1.0,0.05555555555555555,0.0,Anne,Wolff,['http://www.mankatofreepress.com/news/local_news/update-mudslide-closes-section-of-highway/article_30d9ec7c-7d7a-11e8-83ca-eb0527a9f350.html'],0
1.5,0.08823529411764706,0.0,Andrew,Davis,"['https://ewnews.com/breaking-stephen-die-stubbs-granted-appeal', 'https://www.theaustralian.com.au/arts/stage/high-drama-on-the-australian-stage/news-story/b68dfa7c04f182a58380616d367ab0a0']",0
3.5,0.1206896551724138,0.0,Steve,Cummings,"['http://www.wirralglobe.co.uk/news/16327234.cycling-champion-steve-cummings-welcomes-return-of-leverhulme-grand-prix/', 'https://roadcyclinguk.com/racing/previews/dimension-data-2018-tour-de-france-team-cavendish/']",0
5.0,0.29411764705882354,0.0,Andrew,Davis,"['https://www.pnj.com/story/news/2018/07/01/civiccon-speaker-andrew-davis-discusses-marketing-cities/738101002/', 'http://www.recordonline.com/sports/20180630/june-30-auto-racing-roundup', 'http://www.eveningtribune.com/sports/20180702/stronghornell-handles-heatstrong', 'http://www.windycitymediagroup.com/lgbt/SAVOR-Optima-Booth-One-brunch/63381.html']",0
1.5,0.1,0.0,Michael,Gordon,"['http://www.stuff.co.nz/nz-newspapers/central-north-island/sport/sport-region-6459/105153298/Titans-ruin-Robbie-Farahs-Leichhardt-comeback-for-Tigers', 'http://leagueunlimited.com/news/32103-results-2018-national-rugby-league-round-16/']",0
2.0,0.08,0.0,Phillip,Frost,['https://www.enca.com/south-africa/csir-pinpoints-cause-of-devastating-knysna-fires'],0
3.0,0.10344827586206896,0.0,Steve,Cummings,['http://www.dailymail.co.uk/wires/pa/article-5905947/Cavendish-massively-motivated-maintain-Tour-love-affair.html'],0
3.0,0.17647058823529413,0.0,Andrew,Davis,['https://www.sunlive.co.nz/news/183171-burlings-americas-cup-efforts-backed-toyota.html'],0
1.3333333333333333,0.08888888888888889,0.0,Michael,Gordon,"['https://www.theaustralian.com.au/news/latest-news/engineers-reset-dreamworld-rides-fault/news-story/93284d0bd20d17629924121fbbd26e82', 'https://westfaironline.com/104313/westports-gorham-island-office-property-sells-for-22m/', 'http://leagueunlimited.com/news/32083-wests-tigers-v-titans-preview/']",0
1.0,0.03448275862068965,0.0,Steve,Cummings,['https://www.yorkshirepost.co.uk/sport/cycling/clancy-faces-fierce-competition-for-national-title-1-9229072'],0
1.0,0.04,0.0,Phillip,Frost,['http://www.miamitodaynews.com/event/bollywood-zumba/'],0
0.0,0.0,0.0,John,O'Neil,['http://ideastations.org/radio/news/virginia-teachers-union-not-affected-supreme-court-decision'],0
0.0,0.0,0.0,Anne,Wolff,['http://www.mankatofreepress.com/news/local_news/sinkhole-closes-one-lane-of-hwy/article_742c73aa-7b13-11e8-af79-db3e67b42f6a.html'],0
0.0,0.0,0.0,Bob,Diamond,['https://www.bloomberg.com/news/articles/2018-06-29/guggenheim-is-said-to-be-in-talks-to-spin-off-its-repo-business'],0
25.0,1.4705882352941175,0.0,Andrew,Davis,"['http://www.courier-tribune.com/news/20180629/new-judicial-filers-beat-friday8217s-deadline', 'https://www.hometownsource.com/sun_current/for-th-year-in-a-row-mountain-climber-from-edina/article_6cee2928-7a1c-11e8-bb79-9b5334a2b7e5.html']",0
1.0,0.03448275862068965,0.0,Steve,Cummings,['https://www.bbc.co.uk/sport/cycling/44657423'],0
0.0,0.0,0.0,Karen,Cummings,['https://www.stabroeknews.com/2018/news/guyana/06/28/guyana-joins-caribbean-battle-against-obesity-non-communicable-diseases/'],0
2.0,0.1176470588235294,0.0,Andrew,Davis,['https://www.palmbeachdailynews.com/lifestyles/home--garden/photos-the-market-1221-north-lake-way/no5G28SQbbO7coiESMvxIJ/'],0
6.0,0.4615384615384616,0.0,Bob,Diamond,"['https://news.efinancialcareers.com/au-en/318535/bob-diamond-panmure-gordon-kepler-cheuvreux', 'https://www.verdict.co.uk/private-banker-international/news/bob-diamonds-atlas-rothschild-buy-stakes-kepler-cheuvreux/', 'https://www.theguardian.com/news/2018/jun/28/how-to-get-away-with-financial-fraud', 'http://citywire.co.uk/new-model-adviser/news/thursday-papers-walt-disney-wins-us-antitrust-approval-for-fox-deal/a1133223%3Fref%3Dnew_model_adviser_latest_news_list']",0
12.333333333333336,0.8222222222222223,0.0,Michael,Gordon,"['http://www.wsav.com/news/local-news/news-3-investigates-local-pastor-admits-to-abusing-his-authority/1269238538', 'https://www.broadwayworld.com/article/Christian-Reif-to-Make-NY-Conducting-Debut-At-Lincoln-Centers-Mostly-Mozart-Festival-20180628', 'https://science.ubc.ca/news/zoology-welcomes-new-head']",0
41.0,1.5769230769230769,0.0,Kevin,Starr,['https://baseballnewssource.com/2018/06/28/sage-therapeutics-sage-stock-rating-lowered-by-bidaskclub/2228529.html'],0
2.5,0.08620689655172414,0.0,Steve,Cummings,"['http://www.cyclingweekly.com/cycling-weekly/geraint-thomas-wins-british-national-time-trial-384503', 'https://www.eurosport.com/cycling/deignan-praises-strength-in-depth-of-women-s-road-racing_sto6824079/story.shtml']",0
4.333333333333333,0.3333333333333333,0.0,Bob,Diamond,"['https://www.ft.com/content/9661e69a-7964-11e8-bc55-50daf11b720d', 'https://www.fnlondon.com/articles/bob-diamonds-atlas-takes-big-stake-in-french-broker-kepler-20180627', 'https://www.reuters.com/article/kepler-investors/bob-diamonds-atlas-edmond-de-rothschild-to-buy-stakes-in-kepler-idUSP6N1T100N']",0
3.6666666666666665,0.215686274509804,0.0,Andrew,Davis,"['https://elpais.com/elpais/2018/06/27/inenglish/1530095986_934611.html', 'http://www.sailingscuttlebutt.com/2018/06/26/one-year-anniversary-kiwi-glory/', 'http://www.sloughobserver.co.uk/sport/16318132.simon-myles-leads-the-way-as-berkshire-seniors-impress/']",0
5.666666666666668,0.37777777777777777,0.0,Michael,Gordon,"['https://globenewswire.com/news-release/2018/06/27/1530552/0/en/Group-Gordon-Adds-Four-Leading-Organizations-to-Public-Affairs-Practice.html', 'https://www.tweeddailynews.com.au/news/inspired-tweed-juniors-meet-super-boot-gordon/3452704/', 'https://www.news.com.au/sport/nrl/wests-tigers-v-titans-team-lists-for-round-16-clash/news-story/0d37ba2bfffd6b9c0754b86880e1878a']",0
1.0,0.1111111111111111,0.0,John,O'Neil,['http://www.seacoastonline.com/news/20180626/gammons-neighbors-not-going-away'],0
4.5,0.2647058823529412,0.0,Andrew,Davis,"['https://www.pressconnects.com/story/news/public-safety/2018/06/26/binghamton-drug-ecstasy-police/735873002/', 'http://www.wbng.com/story/38514360/police-binghamton-man-arrested-after-ecstasy-package-delivered-to-his-home', 'http://www.voxy.co.nz/sport/5/314529', 'https://www.inquisitr.com/4958805/tommy-lee-goes-on-a-twitter-tirade-after-howard-stern-blames-him-for-heather-locklears-issues/']",0
31.0,1.7222222222222223,0.0,Anne,Wolff,['https://utahherald.com/0-01-eps-expected-for-aphria-inc-aph-gogo-gogo-has-1-sentiment/'],0
7.0,0.5384615384615384,0.0,Bob,Diamond,['https://www.businessamlive.com/bob-diamond-controlled-atlas-mara-raises-stake-in-nigerias-union-bank-to-49-heading-for-majority-holding/'],0
2.5,0.08620689655172414,0.0,Steve,Cummings,"['https://www.britishcycling.org.uk/search/article/20180625-roadchamps-Race-Guide--Time-Trials---2018-HSBC-UK---National-Road-Championships-0', 'https://www.britishcycling.org.uk/road/article/20180626-road-Race-Guide--Road-Race---2018-HSBC-UK---National-Road-Championships-0']",0
68.0,2.72,0.0,Phillip,Frost,['https://www.technologynewsroom.com/2018/06/25/phillip-frost-ceo-regency-centers-reg-has-1-05-sentiment/'],0
46.0,3.8333333333333335,1.0,Paula,Lunder,['http://www.colby.edu/news/2018/06/26/lunder-institute-receives-mellon-foundation-grant-to-support-inaugural-programming/'],0
0.0,0.0,0.0,Karen,Cummings,['https://www.smh.com.au/entertainment/dance/platform-2018-review-ideas-flow-from-unusual-space-20180626-h11v1f.html'],0
1.0,0.05555555555555555,0.0,Anne,Wolff,['http://www.southernminn.com/le_sueur_news_herald/news/article_8d108d49-a325-5811-aed1-5a8f8fdbdd47.html'],0
2.25,0.1323529411764706,0.0,Andrew,Davis,"['http://www.jwire.com.au/an-evening-with-sir-andrew-davis-anne-sophie-mutter-and-the-mso/', 'https://www.montgomeryadvertiser.com/story/news/crime/2018/06/25/andrew-mclean-charged-vaughn-road-robbery/730427002/', 'https://www.ourmidland.com/news/article/Davis-graduates-from-Harding-nbsp-13025905.php', 'http://www.loopjamaica.com/content/three-men-shot-dead-police-annotto-bay-st-mary']",0
0.5,0.03333333333333333,0.0,Michael,Gordon,"['https://www.goldcoastbulletin.com.au/sport/nrl/gold-coast-titans-captain-ryan-james-backed-to-rebound-from-state-of-origin-disappointment/news-story/ca7a39dbc6685eb5be6a6cf5fdb494af', 'https://www.nrl.com/news/2018/06/25/gold-coast-titans-wary-of-what-lift-robbie-farahs-return-to-leichhardt-oval-will-give-wests-tigers/']",0
2.0,0.1176470588235294,0.0,Andrew,Davis,['https://www.chillicothegazette.com/story/news/2018/06/24/public-records-marriages-divorces-and-dissolutions-june-24/725307002/'],0
22.0,1.2222222222222223,0.0,Anne,Wolff,['https://utahherald.com/bernzott-capital-advisors-decreased-by-348725-its-cinemark-cnk-position-shorts-at-amphenol-aph-raised-by-9-47/'],0
11.0,0.3793103448275862,0.0,Steve,Cummings,['https://www.yukon-news.com/news/yukon-liquor-corporation-delays-plans-to-hike-booze-prices/'],0
1.0,0.05882352941176471,0.0,Andrew,Davis,['https://www.stltoday.com/news/local/iparty-brandi-carlile-at-peabody-opera-house/collection_1455ab44-5355-5fe2-ae98-eba3485433c0.html'],0
0.0,0.0,0.0,Kathleen,Reed,['http://windsorstar.com/news/local-news/highway-401-closed-after-tractor-trailers-collide'],0
5.5,0.3235294117647059,0.0,Andrew,Davis,"['https://minnesota.cbslocal.com/2018/06/21/alzheimers-climb/', 'http://www.cecildaily.com/community_news/have_you_heard/rising-sun-high-school-third-marking-period-honor-roll/article_dc510757-3261-547a-8062-cb0d586c0e09.html', 'https://news.uga.edu/residency-program-graduates/', 'https://www.troymessenger.com/2018/06/21/troy-and-enterprise-renew-rivalry-at-sportsplex/']",0
2.333333333333333,0.15555555555555556,0.0,Michael,Gordon,"['https://www.charlotteobserver.com/news/local/article213582519.html', 'http://www.charlotteobserver.com/opinion/letters-to-the-editor/article213606014.html', 'http://www.classical-music.com/blog/trip-oranjewoud-festival']",0
0.0,0.0,0.0,John,O'Neil,['http://www.mcall.com/news/local/mc-nws-forks-township-zoning-hearing-20180621-story.html'],0
0.0,0.0,0.0,Jessica,Stanton,['http://www.shawneedispatch.com/news/2018/jun/20/shawnee-students-receive-k-state-honors/'],0
7.5,0.2586206896551724,0.0,Steve,Cummings,"['http://www.cyclingnews.com/news/grivko-becomes-new-ukrainian-time-trial-champion-news-shorts/', 'http://whitehorsestar.com/News/as-summer-dawns-ylc-boosts-its-prices']",0
0.0,0.0,0.0,Bernard,Osher,['https://www.broadwayworld.com/san-francisco/article/Aurora-Theatre-Company-Presents-Bay-Area-Premiere-Of-DETROIT-67-20180619'],0
6.333333333333332,0.3725490196078432,0.0,Andrew,Davis,"['https://www.troymessenger.com/2018/06/19/troy-aa-sports-strong-defense/', 'https://www.timesgazette.com/news/28453/tickets-remain-for-hall-of-fame-scholar-athletes', 'http://www.windycitymediagroup.com/lgbt/MUSIC-Out-musician-Dave-Koz-releases-his-own-Summer-sequel/63240.html']",0
2.5,0.16666666666666666,0.0,Michael,Gordon,"['https://www.cnbc.com/video/2018/06/20/mongodb-amazon-google-and-microsoft-are-investing-in-the-success-of-the-cloud-business.html', 'https://www.odt.co.nz/business/consumer-confidence-fall-put-down-slowing-economy', 'https://www.fxstreet.com/news/nz-consumer-confidence-down-26-points-to-1086-in-june-westpac-201806200641', 'http://www.tahlequahdailypress.com/sports/learning-the-ropes/article_a481e72d-8604-56e4-88f4-01413e404860.html']",0
4.0,0.13793103448275862,0.0,Steve,Cummings,"['https://www.britishcycling.org.uk/nationalroadchampionships/article/20180620-British-Cycling-confirms-star-studded-field-for-HSBC-UK---National-Road-Championships-0', 'https://www.cbc.ca/news/canada/north/yukon-liquor-prices-restaurants-bars-1.4711771', 'http://www.cyclist.co.uk/news/4927/team-sky-and-cavendish-descend-onto-national-championships', 'https://www.cgmagonline.com/2018/06/20/best-comics-to-buy-this-week-tony-stark-returns-in-iron-man-1/']",0
0.0,0.0,0.0,Michael,Sylvester,['https://www.tcpalm.com/story/news/crime/indian-river-county/2018/06/19/indian-river-county-felony-arrests-june-19-2018/714523002/'],0
1.0,0.05882352941176471,0.0,Andrew,Davis,['http://www.wishtv.com/news/local-news/zionsville-to-add-resource-officers-to-all-schools/1247366475'],0
1.0,0.06666666666666668,0.0,Michael,Gordon,"['http://www.charlotteobserver.com/news/local/crime/article213198029.html', 'https://communityimpact.com/guides/houston/cy-fair/features/community-events/monthly-to-do-list/2018/06/19/to-do-list-june-2018-cyf/']",0
61.0,2.44,0.0,Phillip,Frost,['https://prommanews.com/2018/06/18/opko-health-inc-opks-ceo-ardsley-advisory-partners-upped-its-therapeuticsmd-txmd-holding/'],0
2.5,0.16666666666666669,0.0,Michael,Gordon,"['https://www.nrl.com/news/2018/06/18/nrl-fantasy-winners--losers-round-15/', 'https://www.broadwayworld.com/article/Grammy-Winning-Choir-The-Crossing-Announces-2018-2019-Season-Aniara-20180618', 'https://realsport101.com/news/sports/rugby/rugby-league/canterbury-bankstown-bulldogs-vs-gold-coast-titans-five-things-we-learned/', 'https://www.zerotackle.com/nrl-power-rankings-round-15-33952/']",0
5.0,0.625,0.0,Simon,Stertzer,['https://www.laboratoryequipment.com/news/2018/06/gene-editing-technology-may-improve-accuracy-predicting-heart-disease-risk'],0
2.0,0.1176470588235294,0.0,Andrew,Davis,['https://www.aspistrategist.org.au/missile-deployments-only-the-tip-of-the-iceberg/'],0
7.0,0.2413793103448276,0.0,Steve,Cummings,['http://www.eagletribune.com/sports/local_sports/under-the-lights-pinkerton-s-ruimwijk-to-merrimack/article_ce1de8cf-879b-506f-b836-bb63adffde12.html'],0
0.0,0.0,0.0,James,Forese,['https://www.ft.com/content/4716dc4e-6e4c-11e8-852d-d8b934ff5ffa'],0
1.0,0.06666666666666668,0.0,Michael,Gordon,"['https://www.goldcoastbulletin.com.au/sport/live-nrl-canterbury-bulldogs-v-gold-coast-titans-live-score-updates-news-blog/news-story/bb3a9e1423f713a579be5af1c61328fe', 'https://www.dailytelegraph.com.au/sport/nrl/teams/bulldogs/moses-mbyes-farewell-party-soured-as-titans-belt-battling-dogs-3210-at-belmore-oval/news-story/8ce0f5ae26fe77c05246b6cbee9ab7f7', 'https://www.nrl.com/news/2018/06/16/gordon-almost-blows-try/', 'https://www.kitsapdailynews.com/news/kitsap-bank-awards-12-scholarships-to-employee-children/']",0
0.0,0.0,0.0,Kevin,Starr,['https://www.thelincolnianonline.com/2018/06/16/sage-therapeutics-sage-earns-daily-media-impact-rating-of-0-20.html'],0
0.0,0.0,0.0,Steve,Cummings,['http://www.cyclist.co.uk/news/4900/mark-cavendish-to-race-nationals-before-tour-de-france'],0
31.0,1.24,0.0,Phillip,Frost,['https://www.equities.com/news/opko-health-inc-opk-moves-lower-on-volume-spike-for-june-15'],0
3.0,0.17647058823529413,0.0,Andrew,Davis,"['https://rollingout.com/2018/06/15/andrew-davis-shares-how-he-became-the-global-diversity-leader-for-coca-cola/', 'http://www.omaha.com/sports/the-moment/cws-catching-some-sun-having-fun/image_0f3db25c-74f5-5769-9e2b-65cd76653a5d.html', 'https://journalstar.com/sports/high-school/basketball/southeast-nebraska-all-star-hoops-games-set-for-saturday/article_1dfc0205-8e0b-5179-b700-8aee9c3edbd4.html']",0
1.5,0.1,0.0,Michael,Gordon,"['http://www.therogersvillereview.com/rogersville/article_78f642fe-0027-5230-9867-c885e353e1c3.html', 'http://www.dailymail.co.uk/wires/aap/article-5847039/Titans-coach-open-signing-Eels-Norman.html']",0
39.0,1.8571428571428568,1.0,Peter,Lunder,['http://www.colby.edu/magazine/a-bold-move-with-big-possibilities/'],0
1.0,0.1111111111111111,0.0,John,O'Neil,['https://rilawyersweekly.com/blog/2018/06/14/suit-uri-liable-for-employees-attack/'],0
7.0,0.4117647058823529,0.0,Andrew,Davis,['https://www.athensmessenger.com/connect/athens-high-students-named-to-honor-for-school-year-s/article_8c518cdb-0863-5666-b156-23bed258416b.html'],0
3.0,0.2,0.0,Michael,Gordon,"['https://www.charlotteobserver.com/news/local/crime/article213184854.html', 'http://www.kesq.com/news/cathedral-city-man-to-stand-trial-for-banning-murder/753167156', 'http://dailytidings.com/revels/osf-opens-nightly-green-show', 'https://www.fxstreet.com/news/nz-expect-a-04-rise-in-q1-gdp-westpac-201806140445']",0
8.0,0.3076923076923077,0.0,Kevin,Starr,['https://marketexclusive.com/analyst-activity-cowen-reiterates-buy-on-nasdaqsage-sage-therapeutics-nasdaqsage/2018/06/'],0
7.0,0.2413793103448276,0.0,Steve,Cummings,['http://www.chathamstartribune.com/sports/article_95f5bfb0-6f05-11e8-889f-5744fc53d562.html'],0
0.0,0.0,0.0,Karen,Cummings,"['https://health.economictimes.indiatimes.com/news/diagnostics/india-adopts-new-strategy-to-accelerate-lymphatic-filariasis-elimination/64574044', 'https://www.news18.com/photogallery/india/day-in-photos-june-13-pakistan-ceasefire-violation-fifa-world-cup-india-vs-afganisthan-cricket-1777451.html', 'http://www.5dariyanews.com/news/232798-J-P-Nadda-inaugurates-10th-Meeting-of-Global-Alliance-to-Eliminate-Lymphatic-Filariasis', 'https://tecake.in/indias-strategy-for-elimination-of-lymphatic-filariasis-gets-an-upgrade']",0
4.0,0.2352941176470588,0.0,Andrew,Davis,['http://www.windycitymediagroup.com/lgbt/DINING-Trans-social-Respect-Wine-Fathers-Day-offers/63207.html'],0
5.5,0.3666666666666665,0.0,Michael,Gordon,"['https://www.charlotteobserver.com/news/local/crime/article213038869.html', 'https://www.npr.org/2018/06/13/619672855/confusion-remains-after-summit-on-whether-north-korea-will-fully-denuclearize']",0
0.25,0.25,0.0,Jamie,Forese,"['https://www.marketwatch.com/story/big-banks-have-dire-predictions-for-workers-who-spend-all-day-keyboard-hitting-2018-06-12', 'https://www.finews.asia/finance/27054-robots-to-march-on-citi', 'http://sbj.net/stories/citi-10k-jobs-could-be-lost-to-robots,59185', 'http://www.themarketdigest.org/key-words-big-banks-have-dire-predictions-for-workers-who-spend-all-day-keyboard-hitting-98051/']",0
3.75,0.22058823529411767,0.0,Andrew,Davis,"['http://www.buckscountycouriertimes.com/obituaries/20180613/donald-l-davis', 'http://www.augustachronicle.com/news/20180612/stallings-island-middle-school-honor-roll', 'http://www.hickoryrecord.com/sports/high_school/prep-sports-area-conferences-announce-spring-end-of-season-awards/article_96b66e87-d027-5ec8-8088-7ae7d112c99f.html', 'http://www.windycitymediagroup.com/lgbt/-WORLD-Romanian-ruling-conversion-therapy-first-Elton-John/63165.html']",0
0.0,0.0,0.0,Michael,Sylvester,['https://www.thestar.co.uk/our-towns-and-cities/rotherham/major-housing-development-scheme-has-stalled-rotherham-council-leader-admits-1-9204005'],0
1.0,0.03448275862068965,0.0,Steve,Cummings,"['https://www.gazettelive.co.uk/business/22m-teesside-university-centre-change-14773569', 'https://www.eurosport.com/cycling/dowsett-out-to-win-back-time-trial-crown-at-british-national-road-championships_sto6803558/story.shtml']",0
51.5,2.06,0.0,Phillip,Frost,"['https://globenewswire.com/news-release/2018/06/11/1519534/0/en/OPKO-Health-Completes-Enrollment-in-Phase-2b-Study-of-OPK88003-to-Treat-Type-2-Diabetes-and-Obesity.html', 'https://www.technologynewsroom.com/2018/06/12/phillip-frost-pays-for-42200-worth-of-opko-health-inc-opk-shares-verastem-vstm-sellers-decreased-by-7-78-their-shorts/']",0
0.75,0.75,0.0,Jamie,Forese,"['http://www.businessinsider.com/citi-executive-warns-banking-jobs-automation-2018-6', 'http://uk.businessinsider.com/stock-market-news-opening-bell-june-12-2018-2018-6', 'https://news.efinancialcareers.com/uk-en/317325/bankers-jailed-financial-crisis', 'https://www.independentrecorder.com/citigroups-investment-banking-system-to-cut-occupations-in-succeeding-5-years-ft-116337.html']",0
0.5,0.5,0.0,James,Forese,"['http://rivieraradio.mc/news/evening-news-update-tuesday-12-june', 'https://luxtimes.lu/economics/34082-investment-banking-stronger-franchises-emerge-ten-years-after-crisis']",0
3.0,0.17647058823529413,0.0,Andrew,Davis,"['http://slippedisc.com/2018/06/britains-next-rising-baton-is-a-spaniard/', 'https://www.nuvo.net/food_and_drink/beer_buzz/new-craft-breweries-all-over-indiana/article_eb980e30-6d8b-11e8-86f0-1b1d5ddb9a05.html', 'https://www.timesgazette.com/news/28166/times-gazette-highland-county-scholar-athlete-award-nominees', 'http://www.windycitymediagroup.com/lgbt/DISH-SAVOR-Mercat-a-la-Planxa-Furious-Spoon-and-HBH/63155.html']",0
1.5,0.1,0.0,Michael,Gordon,"['http://leagueunlimited.com/news/31993-results-2018-national-rugby-league-round-14/', 'http://www.chesterstandard.co.uk/news/16282307.Take_a_look_inside_the_cafe_dedicated_to_Ellesmere_Port_life_prisoner_Charles_Bronson/']",0
1.0,0.1111111111111111,0.0,John,O'Neil,['https://www.thestar.com/vancouver/2018/06/10/researchers-explore-healing-power-of-yoga-at-canada-india-health-conference.html'],0
2.0,0.1176470588235294,0.0,Andrew,Davis,['https://www.smh.com.au/entertainment/music/annesophie-mutter-how-the-violin-great-keeps-each-performance-fresh-20180611-h117wu.html'],0
0.0,0.0,0.0,Steve,Cummings,['https://www.theinertia.com/surf/just-13-minutes-of-pure-raw-footage-of-massive-wedge/'],0
0.0,0.0,0.0,Rick,McVey,['http://www.heraldcourier.com/community/any-way-you-habit-sister-act-is-nun-fun/article_a514e7e8-6b70-11e8-912a-c3724eaf42b5.html'],0
7.5,0.4411764705882353,0.0,Andrew,Davis,"['http://www.dailystarjournal.com/education/k-12/warrensburg-high-school-announces-honor-roll/article_90aea9c5-92d7-5ee0-bad8-90779d3e5abe.html', 'https://www.indianagazette.com/news/area-group-to-lead-faith-program/article_089d6d08-6bf3-11e8-9eba-ab2516866935.html']",0
2.0,0.13333333333333333,0.0,Michael,Gordon,"['http://www.wbtv.com/story/38383294/members-of-nc-church-known-for-blasting-out-demons-accused-of-bilking-taxpayers', 'http://www.sportingnews.com/au/league/news/referees-controversy-penalties-gold-coast-titans-south-sydney-rabbitohs-fans/1dcupflu6f0h31v2r0djhysr1t', 'https://www.eagleradio.co.uk/news/local-news/2602282/queens-birthday-honours-2018-surrey--hampshires-heroes/']",0
1.0,0.04,0.0,Phillip,Frost,['http://www.miamitodaynews.com/event/many-visions-many-versions/'],0
4.0,0.2222222222222222,0.0,Rick,McVey,['https://www.marketsmedia.com/trader-job-requirement-agility/'],0
5.0,0.29411764705882354,0.0,Andrew,Davis,['https://www.washingtontimes.com/news/2018/jun/8/caps-fans-celebrate-deep-night/'],0
23.25,1.5499999999999998,0.0,Michael,Gordon,"['http://www.charlotteobserver.com/latest-news/article212756729.html', 'https://www.prnewswire.com/news-releases/damon-runyon-cancer-research-foundation-raises-record-2-6-million-at-annual-breakfast-300662363.html', 'https://www.fool.com/earnings/call-transcripts/2018/06/07/mongodb-inc-mdb-q1-2019-earnings-conference-call-t.aspx', 'https://www.news.com.au/sport/nrl/titans-v-rabbitohs-team-lists-for-round-14-clash/news-story/c0bdab3d7fa989086bf9d5fce9924d39']",0
0.0,0.0,0.0,Kevin,Starr,['https://www.mareainformativa.com/2018/06/08/sage-therapeutics-sage-receives-daily-news-sentiment-score-of-0-08-updated.html'],0
0.5,0.05555555555555555,0.0,John,O'Neil,"['https://whdh.com/news/widow-sues-university-over-husbands-beating-death/', 'http://www.mcall.com/news/local/mc-nws-forks-township-renters-register-20180607-story.html']",0
0.0,0.0,0.0,Bernard,Osher,['https://learnmore.duke.edu/olli/new-olli-director-named'],0
1.0,0.05555555555555555,0.0,Anne,Wolff,['http://www.keyc.com/story/38375311/manic-monday-beginning-of-highway-14-construction'],0
5.333333333333333,0.3137254901960784,0.0,Andrew,Davis,"['https://chicagotonight.wttw.com/2018/06/06/uchicago-study-earth-might-have-supported-life-earlier-thought', 'https://www.troymessenger.com/2018/06/06/boys-of-summer-nine-troy-all-star-teams-ready-to-begin-the-summer/', 'http://www.classical-music.com/article/elgars-enigma-variations-what-listen-next']",0
4.0,0.3076923076923077,0.0,Bob,Diamond,"['https://www.standard.co.uk/business/smallcap-spotlight-bob-diamonds-atlas-mara-posts-profit-rise-onthemarket-disappoints-a3857561.html', 'https://www.irishtimes.com/business/economy/london-briefing-tsb-s-paul-pester-gets-set-for-second-grilling-1.3520581']",0
0.0,0.0,0.0,Anne,Wolff,['http://www.mankatofreepress.com/news/local_news/full-scale-highway-construction-returns-for-year/article_86aab748-69cb-11e8-b8a0-4799f4de8717.html'],0
2.0,0.1,0.0,Sara,Burns,['http://www.bordermail.com.au/story/5447681/bus-shelter-display-highlights-squirrel-glider-conservation/'],0
6.0,0.4,0.0,Michael,Gordon,"['https://www.tcpalm.com/story/specialty-publications/luminaries/indian-river-county/2018/06/05/string-wars-concert-raises-15-000-public-school-orchestras-indian-river-county/674378002/', 'https://www.businessnewsaus.com.au/articles/blue-sky-confirms-kpmg-to-carry-out-comprehensive-review.html']",0
8.5,0.5,0.0,Andrew,Davis,"['http://www.dailylocal.com/general-news/20180605/wcu-student-held-for-trial-on-child-porn-charges', 'https://www.sciencedaily.com/releases/2018/06/180605154122.htm', 'http://kwbe.com/featured-news/southeast-nebraska-all-star-rosters-released/', 'https://www.pnj.com/story/news/2018/06/05/669770002/']",0
3.25,0.21666666666666667,0.0,Michael,Gordon,"['http://www.union-bulletin.com/sports/walla-wallans-top-th-onion-man-triathlon/article_0074ab82-68dd-11e8-b64b-5b862e0e88c7.html', 'http://www.charlotteobserver.com/news/local/crime/article212480839.html', 'https://www.lmtonline.com/news/article/Bernard-E-Trainor-Marine-lieutenant-general-12967346.php', 'http://leagueunlimited.com/news/leagueunlimited-isc-teams-2018-round-14/']",0
2.0,0.2,0.0,Michael,Sylvester,"['http://www.theforecaster.net/whos-on-the-primary-election-ballot-where-to-vote-in-portland/', 'https://www.independent.ie/sport/rugby/u20s-world-cup/mcnamara-hails-irish-u20s-effort-in-bruising-defeat-36973931.html']",0
0.0,0.0,0.0,Albert,Stone,['https://www.democratandchronicle.com/story/news/local/columnists/memmott/2018/06/05/remarkable-rochester-helen-stone-reinhard/670177002/'],0
3.25,0.1911764705882353,0.0,Andrew,Davis,"['https://www.timesgazette.com/sports/27922/fairfields-boys-4x800-meter-relay-team-13th-at-state-meet', 'https://news.uchicago.edu/article/2018/06/04/earth-could-have-supported-crust-life-earlier-thought', 'https://www.hometownlife.com/story/sports/high-school/2018/06/04/harrisons-400-relay-team-brings-home-state-boys-track-title/670094002/', 'http://www.classical-music.com/article/best-recordings-elgars-enigma-variations']",0
11.5,0.8846153846153847,0.0,Bob,Diamond,"['https://dealbreaker.com/2018/06/guggenheim-ceo-not-enjoying-the-dodgers-first-pennant-in-30-years/', 'https://www.khaleejtimes.com/business/markets/a-barclays-standard-chartered-merger-has-no-strategic-rationale']",0
3.5,0.2333333333333333,0.0,Michael,Gordon,"['https://taskandpurpose.com/farewell-lt-gen-bernard-trainor/', 'http://www.sportingnews.com/au/league/news/your-nrl-clubs-predicted-team-list-for-round-14/1nneddq05c6z2zc5n036pjsui', 'https://www.broadwayworld.com/bwwmusic/article/String-Quartet-ETHEL-Celebrates-20th-Anniversary-Season-2018060499', 'https://teletechwire.com/2018/06/04/salisbury-bancorp-inc-sals-insider-michael-gordon-sold-9-shares-perot-systems-per-sentiment-is-1/']",0
14.0,0.56,0.0,Phillip,Frost,['http://www.miaminewtimes.com/arts/best-free-events-in-miami-june-4-through-june-10-10400420'],0
1.0,0.1,0.0,Michael,Sylvester,['https://www.rte.ie/sport/rugby/2018/0603/967972-ireland-u20s-semi-final-hopes-dashed-by-south-africa/'],0
0.0,0.0,0.0,James,Crook,"['http://theinscribermag.com/author/jamescrook911/', 'http://theinscribermag.com/diet-7-signs-you-might-not-be-getting-all-the-nutrients-you-need/']",0
2.6666666666666665,0.1568627450980392,0.0,Andrew,Davis,"['http://www.mlive.com/news/kalamazoo/index.ssf/2018/06/candidate_removed_from_ballot.html', 'http://www.recordonline.com/sports/20180602/june-1-accord-speedway-results', 'https://observer-reporter.com/sports/pro_sports/wild_things/former-wild-things-pitcher-among-frontier-league-hall-of-fame/article_b737c47e-66af-11e8-98da-1319419ce6ed.html']",0
4.0,0.2352941176470588,0.0,Andrew,Davis,"['http://www.heraldpalladium.com/news/local/clements-garrod-taken-off-primary-ballot/article_717879ae-8248-5867-9b2c-58f8c94fcd97.html', 'http://www.mlive.com/news/kalamazoo/index.ssf/2018/06/clements_garrod_removed_from_6_1.html', 'http://abc57.com/news/candidate-paul-clements-fails-to-get-enough-signatures-for-primary', 'https://www.broadwayworld.com/article/Four-Extraordinary-Canadians-Receive-Honorary-Fellowships-From-The-Royal-Conservatory-Of-Music-20180601']",0
4.0,0.2,0.0,Sara,Burns,['http://www.southcoasttoday.com/news/20180601/marion-examines-how-to-fight-climate-change'],0
0.6666666666666666,0.04444444444444445,0.0,Michael,Gordon,"['http://www.charlotteobserver.com/news/local/crime/article212255084.html', 'https://www.odt.co.nz/business/business-outlook-results-uninspiring-activity-indicators-either-flat-or-falling', 'https://www.goldcoastbulletin.com.au/sport/nrl/gold-coast-titans-report-card-who-is-nailing-2018-nrl-season-and-who-is-flunking/news-story/87e009f6ad490129107c6172c7822405']",0
10.0,0.4166666666666667,0.0,Robert,Hoopes,['http://www.theintell.com/news/20180531/fall-trial-date-set-in-lower-southampton-corruption-case'],0
0.0,0.0,0.0,Michael,Sylvester,"['https://www.rotherhamadvertiser.co.uk/news/view,notorious-estate-still-desolate-a-decade-after-council-bulldozed-homes_27287.htm']",0
5.0,0.1724137931034483,0.0,Steve,Cummings,['http://www.cyclingnews.com/news/cummings-i-have-to-fight-for-my-tour-de-france-spot'],0
37.0,1.5416666666666667,0.0,David,Pulver,['https://weekherald.com/2018/06/01/carters-inc-cri-given-average-rating-of-buy-by-brokerages.html'],0
2.6666666666666665,0.15686274509803924,0.0,Andrew,Davis,"['http://www.heraldpalladium.com/news/local/clements-garrod-coming-up-short/article_97545b3a-a859-519f-991a-4f020d342440.html', 'http://wtvbam.com/news/articles/2018/may/31/two-democrats-may-not-make-primary-ballot/', 'https://www.dailyrecord.co.uk/sport/local-sport/eliot-sedman-lisa-finlay-win-12622490']",0
25.0,1.9230769230769231,0.0,Bob,Diamond,['https://www.prnewswire.com/news-releases/investor-group-completes-acquisition-of-talcott-resolution-from-the-hartford-300657527.html'],0
50.0,1.9230769230769231,0.0,Kevin,Starr,['https://macondaily.com/2018/05/31/sage-therapeutics-sage-rating-increased-to-hold-at-bidaskclub-updated-updated.html'],0
0.0,0.0,0.0,John,O'Neil,['http://www.cairnspost.com.au/news/queensland/farmer-joes-resurrection-in-doubt-at-gympie-rd-bowling-centre-site/news-story/7dbcba14fdf67b00a36db034311b89f4'],0
11.0,0.2972972972972973,0.0,Joel,Cutler,['https://seekingalpha.com/article/4178279-billion-dollar-unicorns-airbnb-delays-ipo-plans'],0
3.25,0.1911764705882353,0.0,Andrew,Davis,"['https://www.mlive.com/expo/erry-2018/05/a5285f023b1938/top_statewide_boys_track_and_f.html', 'http://www.mlive.com/news/kalamazoo/index.ssf/2018/05/6th_district_democratic_candid_1.html', 'http://wmuk.org/post/secretary-state-report-recommends-keeping-clements-august-ballot', 'https://www.timesgazette.com/sports/27830/eight-highland-county-athletes-will-compete-at-state-track-and-field-meet-friday-and-saturday-2']",0
3.0,0.2,0.0,Michael,Gordon,"['http://www.charlotteobserver.com/news/politics-government/article212132559.html', 'http://atlantajewishtimes.timesofisrael.com/200-break-silence-on-addiction-mental-illness/', 'http://www.newstalkzb.co.nz/news/business/home-lending-restrictions-tipped-to-ease-by-year-end/']",0
24.0,1.0,0.0,David,Pulver,['https://www.equitiesfocus.com/2018/05/30/carters-inc-cri-receives-120-27-consensus-price-target-from-analysts.html'],0
0.0,0.0,0.0,Karen,Cummings,['http://triblive.com/local/carlynton/13685866-74/woman-known-for-making-pierogies-at-carnegie-church-to-turn-99'],0
5.25,0.3088235294117647,0.0,Andrew,Davis,"['http://kokomoperspective.com/obituaries/larry-w-skeeter-davis/article_1c0fed08-6346-11e8-b8ff-9f45a546755d.html', 'http://www.timesgazette.com/sports/27761/fairfield-track-and-field-advance-five-to-state-meet-duffie-first-in-800-whiteoaks-bailey-just-misses-in-long-jump', 'https://wydaily.com/obits/2018/05/29/obits-lyle-oneal-wiggins-sr/', 'http://www.china.org.cn/arts/2018-05/29/content_51530384.htm']",0
77.0,3.08,0.0,Phillip,Frost,['https://prommanews.com/2018/05/29/is-opko-health-inc-opk-stock-a-buy-after-phillip-frosts-insider-trade-bruce-co-has-upped-by-3-50-million-its-pfizer-pfe-holding/'],0
4.0,0.3076923076923077,0.0,Bob,Diamond,['https://263chat.com/cbz-appoints-new-ceo/'],0
8.5,0.5,0.0,Andrew,Davis,"['http://www.lubbockonline.com/news/20180528/starr-shares-message-of-sacrifice-reflection-in-lubbock-memorial-day-service', 'https://news.cgtn.com/news/3d3d674e30557a4e77457a6333566d54/share.html']",0
1.0,0.06666666666666668,0.0,Michael,Gordon,"['http://www.charlotteobserver.com/news/local/article212066309.html', 'http://www.charlotteobserver.com/news/local/crime/article212059139.html']",0
7.0,0.4117647058823529,0.0,Andrew,Davis,['http://www.fairborndailyherald.com/news/27712/gccc-grads-earn-more-than-1m-in-scholarships'],0
3.0,0.2,0.0,Michael,Gordon,['http://leagueunlimited.com/news/31918-results-2018-national-rugby-league-round-12/'],0
6.0,0.35294117647058826,0.0,Andrew,Davis,"['http://www.omaha.com/neprepzone/track/nebraska-high-school-track-and-field-final-leaders/article_0757ed63-7715-562e-b917-894a3458fd0f.html', 'http://www.recordonline.com/sports/20180526/may-25-accord-speedway-reults']",0
12.0,0.9230769230769232,0.0,Bob,Diamond,['http://www.thisismoney.co.uk/money/comment/article-5774815/RUTH-SUNDERLAND-Britain-needs-real-business-bank-not-just-casino.html'],0
0.6666666666666666,0.04444444444444445,0.0,Michael,Gordon,"['https://www.dailytelegraph.com.au/sport/nrl/teams/roosters/james-tedesco-shines-latrell-mitchell-stumbles-as-roosters-overwhelm-titans/news-story/1ed68b7e80298bbe35fecbc928583c7f', 'http://www.charlotteobserver.com/news/local/crime/article211948869.html', 'https://www.herald.ie/sport/soccer/reds-close-in-on-lyon-star-fekir-36944075.html']",0
0.0,0.0,0.0,Steve,Cummings,['https://www.theinertia.com/surf/the-wedge-comes-alive/'],0
3.0,0.3333333333333333,0.0,John,O'Neil,['https://www.theglobeandmail.com/canada/british-columbia/article-indigenous-groups-in-bc-welcome-traditional-chinese-medicine-clinics/'],0
5.5,0.3235294117647059,0.0,Andrew,Davis,"['http://www.timesgazette.com/sports/27678/fairfield-announces-recipients-of-the-2018-pausch-scholar-athlete-award', 'https://www.thebridgeportnews.com/37956/reel-dad-an-ordinary-man-examines-loneliness/']",0
1.0,0.06666666666666668,0.0,Michael,Gordon,"['https://www.smh.com.au/sport/nrl/sharks-settle-court-case-with-disgruntled-major-sponsor-20180525-p4zhhj.html', 'https://www.telegraph.co.uk/football/2018/05/24/liverpool-target-nabil-fekir-new-coutinho-can-help-bridge-gap/', 'http://www.charlotteobserver.com/news/local/article211814764.html', 'http://www.pharostribune.com/news/police_fire/article_a5901cb8-65f0-5868-83d1-878fc2c5851d.html']",0
23.0,0.8846153846153846,0.0,Kevin,Starr,"['https://stocknewstimes.com/2018/05/25/schwab-charles-investment-management-inc-has-37-68-million-stake-in-sage-therapeutics-inc-sage.html', 'https://weekherald.com/2018/05/24/1-87-earnings-per-share-expected-for-sage-therapeutics-inc-sage-this-quarter.html']",0
8.0,0.27586206896551724,0.0,Steve,Cummings,['http://www.cyclingnews.com/news/doug-ryder-determined-to-strengthen-dimension-data-and-keep-mark-cavendish/'],0
20.0,0.9523809523809524,0.0,Peter,Lunder,['https://www.abqjournal.com/1176006/bringing-the-taos-society-of-artists-home.html'],0
0.0,0.0,0.0,Karen,Cummings,['https://www.stabroeknews.com/2018/news/guyana/05/25/texila-hosts-international-conference-for-students/'],0
12.0,0.9230769230769232,0.0,Bob,Diamond,['https://news.efinancialcareers.com/ie-en/316214/deutsche-barclays-bob-diamond-panmure-gordon'],0
2.0,0.18181818181818185,0.0,Albert,Stone,['https://thelocalne.ws/2018/05/24/north-shore-events-memorial-day-weekend/'],0
12.0,0.7058823529411765,0.0,Andrew,Davis,"['http://www.dailystarjournal.com/education/k-12/warrensburg-high-school-seniors-receive-awards-scholarships/article_cedd3103-6826-5ff0-8fda-17bf7ac97a90.html', 'https://www.canberratimes.com.au/business/the-economy/china-is-better-than-us-at-an-age-old-problem-20180524-p4zh8v.html', 'https://www.vivathematadors.com/2018/5/24/17388418/tech-baseball-gets-run-ruled-by-tcu']",0
1.0,0.06666666666666668,0.0,Susan,Boland,['http://www.advertiser.ie/galway/article/100859/osteoporosis-is-preventable-and-treatable'],0
0.0,0.0,0.0,Karen,Cummings,['https://bdaily.co.uk/articles/2018/05/23/my-uncle-freddie-cast-travel-back-in-time-at-beamish'],0
0.0,0.0,0.0,John,O'Neil,['https://www.eveningtelegraph.co.uk/fp/dundee-quartet-accused-of-supplying-drugs-as-part-of-organised-crime-gang/'],0
3.5,0.2058823529411765,0.0,Andrew,Davis,"['https://bklyner.com/wednesday-crime-blotter-12/', 'http://www.dailytoreador.com/sports/tech-can-t-overcome-early-deficit-loses-to-tcu/article_80a1ee46-5f19-11e8-a175-6f99a5568412.html', 'https://poststar.com/sports/roundup-ticonderoga-defeats-plattsburgh/article_60e4fec0-ebae-5055-b127-2a918865412b.html', 'https://www.odt.co.nz/regions/queenstown/water-quality-leads-10-year-plan-hearing']",0
9.0,0.6923076923076923,0.0,Bob,Diamond,['https://www.lusakatimes.com/2018/05/24/rajan-mahtani-loses-cement-firm-to-ventriglia-family/'],0
0.0,0.0,0.0,Michael,Sylvester,['https://www.thestar.co.uk/our-towns-and-cities/rotherham/council-admits-to-problems-in-developing-key-housing-sites-in-rotherham-1-9177320'],0
1.0,0.03448275862068965,0.0,Steve,Cummings,"['http://www.wbay.com/content/news/Renovations-to-former-Oshkosh-Miles-Kimball-building-to-begin-soon--483406271.html', 'https://www.thenorthwestern.com/story/news/local/community/2018/05/22/oshkosh-memorial-day-events-include-riverside-ceremony-procession/630435002/', 'http://www.osceolaiowa.com/2018/05/21/marcie-saxton/a7xfp9k/']",0
2.0,0.13333333333333333,0.0,Michael,Gordon,"['http://www.chicagotribune.com/suburbs/northbrook/news/ct-nbs-bill-vaananen-retiring-wescott-tl-0524-story.html', 'https://la.eater.com/2018/5/22/17381158/los-angeles-starbucks-new-policy-bathrooms', 'http://www.charlotteobserver.com/news/local/article211599149.html', 'https://www.nrl.com/news/2018/05/23/gold-coast-titans-centre-dale-copley-not-losing-sleep-over-contract-negotiations/']",0
64.0,2.56,0.0,Phillip,Frost,['https://www.technologynewsroom.com/2018/05/22/phillip-frost-opko-health-inc-opks-insider-purchased-90000-shares-foundation-medicine-has-1-39-sentiment/'],0
37.0,1.5416666666666667,0.0,David,Pulver,['https://weekherald.com/2018/05/23/carters-cri-shares-bought-by-meeder-asset-management-inc.html'],0
3.0,0.3333333333333333,0.0,John,O'Neil,['https://pcherald.com/node/366'],0
3.75,0.22058823529411764,0.0,Andrew,Davis,"['http://www.nydailynews.com/new-york/nyc-crime/brooklyn-emt-cuffed-slapping-girlfriend-article-1.4004691', 'http://www.timesgazette.com/sports/27544/division-iii-district-track-and-field-results', 'https://www.mlive.com/expo/erry-2018/05/cc89f5754f34/top_statewide_boys_track_and_f.html', 'https://www.mlive.com/expo/erry-2018/05/66002bd2239674/meet_the_detroit_area_state_qu.html']",0
3.6666666666666665,0.28205128205128205,0.0,Bob,Diamond,"['https://www.standard.co.uk/business/city-spy-at-the-chelsea-flower-show-business-gossip-from-sw3-as-bosses-mingle-a3845556.html', 'https://www.businesswire.com/news/home/20180522006219/en/iCash-Delivers-It%25E2%2580%2599s-Proof-Trust-Protocol-Bring', 'http://www.dailymail.co.uk/tvshowbiz/article-5759515/SEBASTIAN-SHAKESPEARE-Hugh-Grant-reveals-got-pash-rash-kissing-Ben-Wishaw.html']",0
0.0,0.0,0.0,Albert,Stone,['http://www.newburyportnews.com/news/local_news/the-trial-of-mr-stone-premiers-friday/article_6dc34240-815a-5ca8-86b4-8de6aaf49f28.html'],0
0.0,0.0,0.0,Kevin,Starr,['https://stocknewstimes.com/2018/05/22/sage-therapeutics-inc-sage-holdings-lifted-by-swiss-national-bank.html'],0
32.0,1.28,0.0,Phillip,Frost,['https://www.equities.com/news/opko-health-inc-opk-moves-lower-on-volume-spike-for-may-21'],0
3.5,0.2333333333333333,0.0,Michael,Gordon,"['https://westfaironline.com/102950/onetime-clinton-administration-figure-michael-gordon-resigns-from-westport-school-board/', 'https://www.westport-news.com/news/article/Board-of-Education-Chairman-Gordon-to-step-down-12932566.php', 'http://www.goulburnpost.com.au/story/5422360/200-years-to-be-celebrated/', 'http://news.psu.edu/story/522512/2018/05/21/impact/love-game-drives-players-coaches-grow-handball-penn-state']",0
0.0,0.0,0.0,Jane,Powers,['http://www.chicagotribune.com/redeye/culture/ct-redeye-concerts-20180522-story.html'],0
6.0,0.6666666666666666,0.0,John,O'Neil,['https://www.keene.edu/news/stories/detail/1526924937964/'],0
0.6666666666666666,0.04444444444444445,0.0,Michael,Gordon,"['https://www.businessinsider.com.au/major-executive-and-board-moves-in-asx-companies-last-week-may-21-2018-5', 'http://www.sportingnews.com/au/league/news/your-nrl-clubs-predicted-team-list-for-round-12/1umhnwm61kart1f4dt3vuejnke', 'https://www.nrl.com/news/2018/05/21/can-this-be-the-start-of-ash-taylors-run/']",0
3.5,0.2058823529411765,0.0,Andrew,Davis,"['https://www.abqjournal.com/1174670/davis-scholarships-send-26-seniors-to-partner-colleges.html', 'http://redriverradio.org/post/lyric-opera-chicago-wagners-die-walk-re']",0
2.6666666666666665,0.17777777777777778,0.0,Michael,Gordon,"['http://kathmandupost.ekantipur.com/news/2018-05-20/sacred-vs-sold.html', 'http://leagueunlimited.com/news/31872-results-2018-national-rugby-league-round-11/', 'https://www.nrl.com/news/2018/05/20/round-12-nrl-team-lists/']",0
1.0,0.041666666666666664,0.0,David,Pulver,['https://macondaily.com/2018/05/20/insider-buying-carters-cri-director-purchases-300960-00-in-stock-updated-updated.html'],0
4.0,0.2352941176470588,0.0,Andrew,Davis,"['http://www.tuscaloosanews.com/news/20180519/graduation-2018-sipsey-valley-high-school', 'https://www.insidethegames.biz/index.php/articles/1065251/frenchman-cadot-makes-promising-start-to-fie-foil-grand-prix-campaign', 'http://www.nptelegraph.com/sports/local_sports/state-track-and-field-results/article_55680328-5be5-11e8-a736-77906fee8822.html', 'https://www.yorkshireeveningpost.co.uk/sport/boxing/i-can-die-a-happy-man-warrington-ecstatic-after-historic-world-title-win-1-9172373']",0
52.0,2.0,0.0,Kevin,Starr,['https://theenterpriseleader.com/2018/05/18/sage-therapeutics-sage-upgraded-by-bidaskclub-to-hold.html'],0
1.75,0.11666666666666665,0.0,Michael,Gordon,"['https://www.nrl.com/news/2018/05/19/gold-coast-titans-break-drought-with-late-win-over-newcastle-knights/', 'http://www.news.com.au/sport/nrl/titans/titans-v-knights-team-lists-for-round-11-clash/news-story/4cbc75b02ae6e7e570e22c645e642d34', 'https://www.areanews.com.au/story/5410519/titans-power-home-to-end-nrl-losing-streak/%3Fcs%3D4783', 'http://www.news.com.au/sport/nrl/live-nrl-saturday-titansknights-cowboysrabbitohs-stormsea-eagles/news-story/d8ed695be8a8a85942ad36d7fe54d740']",0
20.0,1.6666666666666667,0.0,Randy,Papadellis,['http://adage.com/article/agency-news/decades-arnold-ocean-spray-expand-agency-roster/313574/'],0
6.0,0.206896551724138,0.0,Steve,Cummings,['https://www.yukon-news.com/news/yukon-picks-site-of-territorys-first-pot-shop/'],0
20.5,0.8541666666666666,0.0,David,Pulver,"['https://stocknewstimes.com/2018/05/19/carters-cri-releases-earnings-results-beats-expectations-by-0-11-eps.html', 'https://macondaily.com/2018/05/18/carters-cri-upgraded-to-buy-at-valuengine.html']",0
1.5,0.16666666666666666,0.0,John,O'Neil,"['http://westseattleblog.com/2018/05/what-the-admiral-neighborhood-association-heard-from-spd-sdot-and-sub-pop/', 'https://www.eveningtelegraph.co.uk/fp/classic-scottish-cup-final-was-so-painful-for-dundee-united/']",0
17.0,1.3076923076923077,0.0,Bob,Diamond,['http://www.proactiveinvestors.co.uk/companies/news/197292/barclays-reportedly-urged-to-slim-down-its-investment-banking-arm-by-activist-investor-197292.html'],0
0.0,0.0,0.0,Albert,Stone,['http://newburyport.wickedlocal.com/news/20180518/the-trial-of-mr-stone'],0
8.0,0.4705882352941176,0.0,Andrew,Davis,"['https://www.hometownlife.com/story/sports/high-school/2018/05/19/salem-captures-third-straight-regional-boys-track-and-field-title/625014002/', 'http://www.nwherald.com/2018/05/18/girls-track-and-field-mchenrys-pauly-leads-way-for-local-competitors-at-class-3a-state-meet/a4f3chx/', 'http://www.pharostribune.com/news/police_fire/article_6b966454-c2ae-595f-ad68-e87277957099.html', 'http://www.xinhuanet.com/english/2018-05/19/c_137190646.htm']",0
19.0,0.76,0.0,Phillip,Frost,['https://www.fool.com/investing/2018/05/18/better-buy-opko-health-inc-opk-vs-myriad-genetics.aspx'],0
5.5,0.18965517241379312,0.0,Steve,Cummings,"['http://www.cbc.ca/news/canada/north/yukon-pot-cannabis-store-1.4667515', 'https://thewest.com.au/news/augusta-margaret-river-times/hawks-pleased-with-renovated-clubrooms-ng-b88837492z']",0
2.0,2.0,0.0,Jamie,Forese,['https://www.businesswire.com/news/home/20180518005121/en/Samantha-Barry-Jamie-Forese-Honored-Game-Changers'],0
0.0,0.0,0.0,John,O'Neil,"['https://www.broadwayworld.com/boston/article/Provincetown-Cabaretfest-Presents-Largest-Variety-Show-Ever-And-Debuts-New-Scholarship-Program-20180517', 'https://www.dailyrecord.co.uk/sport/football/football-news/winning-scottish-cup-motherwell-bigger-12552989']",0
2.6666666666666665,0.1568627450980392,0.0,Andrew,Davis,"['http://www.hickoryrecord.com/sports/high_school/local-athletes-prep-for-state-track-and-field-championships/article_0782dee5-0d68-56b6-bf91-f3534713011f.html', 'https://www.chillicothegazette.com/story/sports/high-school/2018/05/17/d-3-track-records-fall-day-1-ses-ruby-pvs-burton-excel/619388002/', 'https://www.smh.com.au/business/the-economy/belt-up-and-hit-the-road-to-better-china-relations-20180517-p4zfys.html']",0
2.25,0.15,0.0,Michael,Gordon,"['http://www.charlotteobserver.com/news/local/article211157969.html', 'https://www.nrl.com/news/2018/05/17/wests-tigers-coach-ivan-clearys-penrith-blueprint-turned-wests-tigers-around-elijah-taylor/', 'http://www.bbc.com/news/uk-england-leeds-44154588', 'https://www.foxsports.com.au/nrl/nrl-premiership/teams/titans/billy-moore-predicts-titans-shannon-boyd-signing-will-backfire-if-interchange-is-reduced/news-story/008535fc3d9b2e804fa7b85ec21d76d0']",0
5.5,0.1896551724137931,0.0,Steve,Cummings,"['http://www.chathamstartribune.com/sports/article_1d98b4bc-5904-11e8-b466-9be48cd9b283.html', 'https://profiles.ucsf.edu/steve.cummings']",0
6.0,0.13333333333333333,0.0,Joseph,Boulos,['https://www.ourdavie.com/2018/05/17/local-music-students-win-in-regional-festival/'],0
1.0,0.16666666666666666,0.0,Jane,Powers,['https://thirdcoastreview.com/events/2018/05/emily-jane-powers-jellies-tarnynon-onumonu-hungry-brain/'],0
2.0,0.1176470588235294,0.0,Andrew,Davis,"['https://www.mlive.com/expo/erry-2018/05/bbfb589e3c5512/top_statewide_boys_track_and_f.html', 'http://www.timesgazette.com/sports/27352/southern-hills-athletic-conference-announces-all-league-teams-for-the-spring-sports-season', 'https://www.palmbeachdailynews.com/lifestyles/home--garden/photos-the-market-217-via-tortuga/LOLbotdPNXRQpWKRJJS2yN/', 'http://www.reformer.com/stories/linder-sweeney-take-home-the-syrup,539746']",0
12.5,0.5208333333333334,0.0,David,Pulver,"['https://stocknewstimes.com/2018/05/16/carters-cri-given-buy-rating-at-monness-crespi-hardt.html', 'https://www.thelincolnianonline.com/2018/05/15/investors-sell-carters-cri-on-strength-cri.html']",0
2.0,0.2222222222222222,0.0,John,O'Neil,['http://abc3340.com/news/local/pickens-county-medical-center-wins-2-million-federal-grant'],0
8.25,0.4852941176470588,0.0,Andrew,Davis,"['https://www.riverbender.com/articles/details/rising-stars-two-alton-fighting-irish-teams-win-memphis-championships-28532.cfm', 'https://www.prnewswire.com/news-releases/ragan-communications-hosts-powerhouse-lineup-at-amazon-headquarters-300648095.html', 'http://goodtimes.sc/santa-cruz-arts-entertainment/stage/theater-review-jewel-theatre-odd-couple/', 'http://www.windycitymediagroup.com/lgbt/NATIONAL-Election-news-Pulse-Nightclub-drag-queen-attacked/62871.html']",0
5.0,0.25,0.0,Sara,Burns,['https://www.journalscene.com/sports/pinewood-girls-want-another-shot/article_057373de-57cb-11e8-85a8-eb686db6275e.html'],0
2.75,0.18333333333333326,0.0,Michael,Gordon,"['http://interlochenpublicradio.org/post/composer-and-leading-avant-garde-guitarist-glenn-branca-has-died-69', 'http://www.charlotteobserver.com/news/local/crime/article211084859.html', 'http://www.couriermail.com.au/business/city-beat-plans-to-transform-brisbanes-old-red-hill-skate-arena-hit-a-serious-snag/news-story/1fd4a3d24506498860976ea73fbcb755', 'https://www.nrl.com/news/2018/05/15/round-11-nrl-teams/']",0
12.0,0.48,0.0,Phillip,Frost,['http://hauteliving.com/2018/05/globaltex-fine-linens-ceo-ramazan-patak-haute-guide-miami/655668/'],0
4.0,0.4444444444444444,0.0,John,O'Neil,"['https://www.washingtonpost.com/business/us-crypto-regulatory-fight-has-everything-but-rules-quicktake/2018/05/14/229ed024-576d-11e8-9889-07bcc1327f4b_story.html', 'http://www.breitbart.com/big-hollywood/2018/05/14/jeff-daniels-trump-end-republican-party/']",0
7.25,0.42647058823529416,0.0,Andrew,Davis,"['https://www.hometownlife.com/story/sports/high-school/2018/05/14/college-bound-salem-athletes-saluted-signing-day-celebration/606059002/', 'http://www.newsandtribune.com/news/jail-activity-for-monday-may/article_6516a53c-579d-11e8-a157-afce798bc820.html', 'https://surfky.com/index.php/daviess/daviess-county-news/129572-octc-confers-1-103-credentials-during-ceremony', 'http://www.hiawathaworldonline.com/opinion/highland-news/article_b33cbb80-95e5-5e2f-9039-f348f1184119.html']",0
2.5,0.16666666666666666,0.0,Michael,Gordon,"['http://www.afr.com/business/michael-gordon-resigns-from-blue-sky-alternative-investments-board-20180513-h100ov', 'https://www.foxbusiness.com/politics/u-s-ready-to-impose-sanctions-on-european-companies-in-iran-bolton-says', 'https://www.foxsports.com.au/nrl/nrl-premiership/teams/titans/garth-brennan-stands-by-underfire-utility-bryce-cartwright-pleads-with-critics-to-lay-off/news-story/95e0de8ce03296a08a0ceb4e42321228', 'http://www.sportingnews.com/au/league/news/nrl-round-11-predicted-team-lists-injury-return/xb0ikxdnk9741lkxnx792adw2']",0
0.0,0.0,0.0,Kevin,Starr,['https://stocknewstimes.com/2018/05/13/kevin-p-starr-sells-59000-shares-of-sage-therapeutics-inc-sage-stock.html'],0
35.0,2.9166666666666665,2.0,Paula,Lunder,"['https://taosnews.com/stories/major-art-research-center-coming-to-taos,48108']",0
36.0,1.5,0.0,David,Pulver,['https://macondaily.com/2018/05/14/suntrust-banks-reiterates-hold-rating-for-carters-cri-updated-updated.html'],0
1.0,0.1111111111111111,0.0,John,O'Neil,['http://westseattleblog.com/2018/05/tuesday-spd-sdot-and-sub-pop-admiral-neighborhood-association/'],0
2.0,0.1176470588235294,0.0,Andrew,Davis,['https://thefinancetime.com/ghost-of-overcapacity-haunts-china-steel-shares-again/371/'],0
14.0,0.56,0.0,Phillip,Frost,['http://www.miamiherald.com/latest-news/article210792409.html'],0
0.0,0.0,0.0,Kathleen,Reed,['http://buffalonews.com/2018/05/13/conkling-helen-m-mckown/'],0
2.5,0.16666666666666669,0.0,Michael,Gordon,"['https://lancasteronline.com/obituaries/harry-stoll/article_ab117e75-1a1b-50ac-85b9-57339afd480e.html', 'http://www.startribune.com/this-week-s-classical-music-highights/482414371/', 'http://kathmandupost.ekantipur.com/news/2018-05-13/thangkas-and-paubhas-in-the-age-of-mass-consumption.html', 'https://www.theaustralian.com.au/sport/nrl/nrl-deadline-day-for-titans-prop-jarrod-wallace/news-story/5acadfaa8e209a4835bb77703e77d9cf']",0
46.0,1.7692307692307692,0.0,Kevin,Starr,['https://weekherald.com/2018/05/12/kevin-p-starr-sells-59000-shares-of-sage-therapeutics-inc-sage-stock.html'],0
32.0,1.28,0.0,Phillip,Frost,['https://www.equities.com/news/opko-health-inc-opk-moves-higher-on-volume-spike-for-may-12'],0
0.0,0.0,0.0,Peter,Rouse,['http://www.worcesternews.co.uk/sport/16220395.Golf__The_Worcestershire_win_Droitwich_Shield_final/'],0
50.0,2.7777777777777777,0.0,Rick,McVey,['https://bzweekly.com/2018/05/11/marketaxess-holdings-inc-nasdaqmktx-on-focus-after-report-of-more-shorts/'],0
41.0,1.7083333333333333,0.0,David,Pulver,['https://macondaily.com/2018/05/12/carters-sees-unusually-high-options-volume-cri-updated-updated.html'],0
0.0,0.0,0.0,Karen,Cummings,['http://www.herald-dispatch.com/features_entertainment/brenda-lucas-community-news-for-saturday-may/article_746ae29a-24a0-5395-9e5e-1ffff0c3f854.html'],0
0.75,0.1875,0.0,David,Marshall,"['http://www.bakercityherald.com/obituaries/6232418-151/obituaries-for-may-11-2018', 'http://www.latimes.com/sports/la-sp-letters-20180511-story.html', 'https://www.lithgowmercury.com.au/story/5396436/panthers-open-season-with-scoreless-loss-to-cyms/', 'https://www.hulldailymail.co.uk/sport/football/football-news/assessing-impact-hull-city-players-1556158']",0
15.0,0.75,0.0,Sara,Burns,['http://www.latimes.com/politics/la-pol-ca-california-voter-registration-20180510-story.html'],0
0.0,0.0,0.0,Kathleen,Reed,['https://www.law360.com/tax/articles/1043011/irs-to-clarify-rules-on-bonus-depreciation-as-early-as-june'],0
5.5,0.3666666666666665,0.0,Michael,Gordon,"['http://missoulian.com/news/crime/man-found-justified-in-missoula-strip-club-shooting-charged-with/article_87b58b5a-5e19-5ac4-9c14-d358f92fff78.html', 'http://www.charlotteobserver.com/news/local/crime/article210866224.html', 'https://www.nytimes.com/2018/05/10/arts/music/classical-music-in-nyc-this-week.html', 'https://www.nytimes.com/2018/05/11/arts/saoirse-ronan-courtney-barnett-a-bang-on-a-can.html']",0
0.0,0.0,0.0,Susan,Boland,['https://www.kilkennypeople.ie/news/sport/312532/mount-juliet-kilkenny-four-golf-teams-in-action-four-victories.html'],0
37.0,1.5416666666666667,0.0,David,Pulver,['https://weekherald.com/2018/05/10/carters-cri-director-david-pulver-buys-3000-shares-of-stock.html'],0
0.0,0.0,0.0,Karen,Cummings,['https://www.sunderlandecho.com/news/health/hope-this-will-help-others-seek-help-what-you-said-about-aidan-connor-s-corrie-exit-1-9158849'],0
3.0,0.17647058823529413,0.0,Andrew,Davis,"['http://www.qchron.com/qboro/stories/a-fierce-look-at-the-angst-that-can-lead-to/article_9311faab-8b7e-574a-bd6c-e01f50edb3fe.html', 'https://advantagenews.com/sports/two-alton-fighting-irish-teams-win-memphis-championships/', 'https://www.theage.com.au/entertainment/music/beethoven-s-eroica-review-mso-shines-ahead-of-china-tour-20180511-p4zep6.html', 'http://hppr.org/post/amarillo-college-suzuki-guitar-ensemble-studio-performance']",0
13.0,1.0,0.0,Pete,Rouse,['https://www.vice.com/en_us/article/gykpgy/why-did-att-novartis-pay-michael-cohen-corruption-influence-dc'],0
2.75,0.18333333333333326,0.0,Michael,Gordon,"['https://www.goldcoastbulletin.com.au/sport/nrl/michael-gordon-says-he-has-to-fight-for-his-nrl-place-at-gold-coast-titans/news-story/ea80224e93b06549beb8459c0a99f93d', 'http://newstalkkgvo.com/50000-bail-for-fox-club-shooter-assault-with-a-weapon/', 'http://newstalkkgvo.com/50000-bail-for-man-who-discharged-shotgun-flees-deputies/', 'https://www.westport-news.com/news/article/School-Start-Time-Committee-closing-in-on-June-12904696.php']",0
5.5,0.22,0.0,Phillip,Frost,"['http://www.miamitodaynews.com/event/outsider-artists-from-havana/', 'https://investingnews.com/daily/life-science-investing/genetics-investing/opko-health-reports-first-quarter-2018-financial-results/']",0
0.0,0.0,0.0,William,Goldfarb,['http://www.westchestermagazine.com/Pop-Culture-Best-Things-to-Do-This-Week/'],0
0.0,0.0,0.0,Karen,Cummings,"['https://www.aikenstandard.com/education/usca-nursing-students-receive-pins-before-starting-careers/article_89de145e-53ba-11e8-a792-fb664490850d.html', 'https://www.stabroeknews.com/2018/news/stories/05/10/breathe-new-life-into-nurses-council/']",0
4.75,0.2794117647058824,0.0,Andrew,Davis,"['https://www.law360.com/whitecollar/articles/1042217/ex-employee-betrayed-valeant-former-m-a-exec-tells-jury', 'https://www.informationweek.com/universal-docking-for-the-byod-workplace/v/d-id/1331766', 'https://www.dvidshub.net/news/276280/military-spouses-band-together-support-each-other-through-deployments-grief', 'https://www.broadwayworld.com/article/Simon-Rivard-named-TSO-Resident-Conductor-TSYO-Conductor-20180509']",0
1.0,0.07692307692307693,0.0,Bob,Diamond,['https://www.ft.com/content/da2516de-53a0-11e8-b24e-cad6aa67e23e'],0
2.0,0.1,0.0,Sara,Burns,['https://www.sctonline.net/features/forest-news-30'],0
2.75,0.18333333333333326,0.0,Michael,Gordon,"['https://www.wiltonbulletin.com/122971/boys-track-wilton-drops-tri-meet-to-darien-ludlowe/', 'https://paw.princeton.edu/article/wesley-morgan-11-continues-military-reporting-career-began-princeton', 'http://www.latimes.com/business/la-fi-wells-fargo-ad-campaign-20180509-story.html', 'https://www.benzinga.com/pressreleases/18/05/r11679234/mfda-announces-disciplinary-proceeding-in-respect-of-david-gordon']",0
33.666666666666664,1.346666666666667,0.0,Phillip,Frost,"['http://communitynewspapers.com/kendall-gazette/commissioner-joe-a-martinez-to-host-annual-student-art-exhibition-creative-visions-2018/', 'https://globenewswire.com/news-release/2018/05/08/1498880/0/en/OPKO-Health-Reports-First-Quarter-2018-Financial-Results.html', 'https://www.businesswire.com/news/home/20180509005617/en/Ladenburg-Reports-Quarter-2018-Financial-Results']",0
2.0,2.0,0.0,Jamie,Forese,['https://www.looktothestars.org/news/17890-ashanti-to-perform-at-room-to-read-ny-gala'],0
37.0,1.5416666666666667,0.0,David,Pulver,['https://weekherald.com/2018/05/08/carters-cri-shares-bought-by-meeder-asset-management-inc.html'],0
5.25,0.3088235294117647,0.0,Andrew,Davis,"['https://www.mlive.com/expo/erry-2018/05/2ab0bd76807722/top_statewide_boys_track_and_f.html', 'https://www.ajc.com/sports/college/georgia-football-traditions-sanford-stadium-hedges/V9YDUkAhidmww45AbDpftO/', 'https://www.hometownlife.com/story/sports/high-school/2018/05/08/high-quality-new-balance-track-meet-provides-excitement/588700002/', 'http://www.windycitymediagroup.com/lgbt/NATIONAL-Trans-protections-Dykes-on-Bikes-death-leather-district-/62811.html']",0
1.5,0.1,0.0,Michael,Gordon,"['http://www.greensboro.com/obituaries/deal-helen-mendenhall/article_eb3f151d-ce59-51aa-b8e9-bac1f6831b3a.html', 'https://www.nrl.com/news/2018/05/08/gold-coast-titans-coach-garth-brennan-drops-bryce-cartwright-konrad-hurrell-with-aj-brimson-to-make-nrl-debut/', 'https://www.nrl.com/news/2018/05/08/melbourne-storm-v-gold-coast-titans-round-10-preview/', 'https://www.dailytelegraph.com.au/sport/nrl/supercoach/nrl-early-mail-round-10/news-story/e374c71c7bed60d7c3531f853bb37373']",0
59.0,2.269230769230769,0.0,Kevin,Starr,['https://macondaily.com/2018/05/08/somewhat-positive-media-coverage-somewhat-unlikely-to-affect-sage-therapeutics-sage-share-price-updated-updated-updated.html'],0
1.0,1.0,0.0,James,Forese,['https://financialstrend.com/citigroup-inc-nysec-considers-saudi-expansion-as-banks-aim-to-captalise-on-reforms-46431.html'],0
4.0,0.08888888888888889,0.0,Joe,Boulos,['https://www.verdict.co.uk/life-insurance-international/news/uaes-nas-united-healthcare-taps-sensely-virtual-health-assistant-technology/'],0
0.0,0.0,0.0,Bernard,Osher,['https://www.theepochtimes.com/commonwealth-club-of-california-honors-5-distinguished-citizens_2516281.html'],0
4.666666666666667,0.2745098039215686,0.0,Andrew,Davis,"['https://www.hometownlife.com/story/sports/high-school/2018/05/07/vote-hometown-life-prep-athlete-week/585446002/', 'https://theorion.com/73324/opinion/forgotten-groups-on-campus/', 'http://www.hidesertstar.com/sports/article_a34e9a50-5228-11e8-9f17-5b1b55b7dd09.html']",0
0.0,0.0,0.0,Kevin,Starr,['https://stocknewstimes.com/2018/05/07/sage-therapeutics-sage-receives-buy-rating-from-canaccord-genuity.html'],0
1.0,0.06666666666666668,0.0,Michael,Gordon,"['http://www.newjerseyhills.com/mt_olive_chronicle/news/mount-olive-high-school-posts-honor-rolls-for-third-quarter/article_1cfb167d-3a7b-502b-8d7b-1bff852e66f5.html', 'https://mediaweek.com.au/australian-book-industry-awards-jimmy-barnes-2018/', 'http://www.breitbart.com/2018-elections/2018/05/06/ice-detains-illegal-migrant-who-killed-two-americans-after-2015-release/']",0
16.0,0.3555555555555556,0.0,Joe,Boulos,['https://www.prnewswire.com/news-releases/sensely-announces-partnership-with-leading-middle-east-insurance-services-company-300643217.html'],0
1.3333333333333333,0.0784313725490196,0.0,Andrew,Davis,"['https://www.pressherald.com/2018/05/07/births-204/', 'http://www.goerie.com/news/20180506/happy-birthday-on-may-6-to-these-erie-area-neighbors', 'https://www.gladstoneobserver.com.au/news/good-weather-brings-in-the-big-fish-to-hookup/3407683/']",0
0.0,0.0,0.0,Kevin,Starr,['https://stocknewstimes.com/2018/05/06/kevin-p-starr-sells-59000-shares-of-sage-therapeutics-inc-sage-stock.html'],0
2.5,0.16666666666666666,0.0,Michael,Gordon,"['http://www.chieftain.com/news/obituaries/gordon-preston-michael/article_870ad07e-50d5-11e8-ae0c-4b8397bc6532.html', 'https://www.newsleader.com/story/sports/high-school/2018/05/06/wilson-memorials-ryan-aud-student-athlete-nominee/583484002/', 'https://www.nrl.com/news/2018/05/06/round-10-nrl-team-lists/', 'http://leagueunlimited.com/news/31782-results-2018-national-rugby-league-round-9/']",0
4.0,0.23529411764705885,0.0,Andrew,Davis,"['https://www.hometownlife.com/story/sports/high-school/2018/05/06/salem-track-teams-run-strong-new-balance-meet/584310002/', 'https://news.uga.edu/new-graduates-have-georgia-on-their-minds/', 'http://filmthreat.com/reviews/she-came-from-the-woods/']",0
4.5,0.3,0.0,Michael,Gordon,"['https://www.washingtonpost.com/national/health-science/oregons-spectacular-crater-lake-and-its-geology-and-sounds-inspire-a-symphony/2018/05/04/a1e79782-4e01-11e8-af46-b1d6dc0d9bfe_story.html', 'http://www.latimes.com/socal/daily-pilot/news/tn-dpt-me-biz-news-20180504-story.html', 'http://www.news.com.au/sport/nrl/raiders/raiders-v-titans-team-lists-for-round-9-clash/news-story/0059ce8a39804f4e523586426f663b31', 'https://www.foxsports.com.au/nrl/nrl-premiership/live-round-9-nrl-canberra-raiders-v-gold-coast-titans/news-story/b8aad40adaa3b0bf541c4ab38a35058c']",0
4.0,0.13793103448275862,0.0,Steve,Cummings,['http://www.retailtimes.co.uk/spar-sponsored-road-cyclists-join-tour-de-yorkshire-race/'],0
1.0,0.07692307692307693,0.0,Peter,Rouse,['http://www.ledburyreporter.co.uk/sport/16206338.golf-the-worcestershire-club-news-round-up/'],0
65.0,2.6,0.0,Phillip,Frost,['http://www.unwir3d.com/2018/05/04/insider-acquisition-opko-health-inc-opks-ceo-7-analysts-are-bullish-idexx-laboratories-inc-idxx-last-week/'],0
0.0,0.0,0.0,Bob,Diamond,['https://www.bloomberg.com/news/articles/2018-05-04/london-jury-learns-why-barclays-trader-got-634-000-pay-package'],0
4.75,0.31666666666666665,0.0,Michael,Gordon,"['http://www.charlotteobserver.com/news/politics-government/election/article210296119.html', 'http://www.watoday.com.au/rugby-league/canberra-raiders/croker-urges-raiders-to-seize-the-day-20180504-p4zdbo.html', 'https://www.bleedingcool.com/2018/05/04/366-comic-creators-free-comic-book-day/', 'https://www.smh.com.au/lifestyle/health-and-wellness/he-s-been-to-everest-but-simon-balderstone-still-has-mountains-to-climb-20180425-p4zbmp.html']",0
0.0,0.0,0.0,Kevin,Starr,['https://stocknewstimes.com/2018/05/04/sage-therapeutics-sage-issues-earnings-results-beats-estimates-by-0-16-eps.html'],0
56.0,4.666666666666667,3.0,Paula,Lunder,['https://www.colby.edu/news/2018/05/04/colby-college-names-tanya-sheehan-as-distinguished-scholar-and-director-of-research-at-the-lunder-institute-for-american-art/'],0
55.0,2.619047619047619,3.0,Peter,Lunder,['https://www.colby.edu/news/2018/05/04/colby-college-names-tanya-sheehan-as-distinguished-scholar-and-director-of-research-at-the-lunder-institute-for-american-art/'],0
5.0,0.29411764705882354,0.0,Andrew,Davis,"['https://www.winemag.com/2018/05/03/willamette-valley-oregon-sparkling-wine/', 'http://www.calaverasenterprise.com/sports/article_e2fd2204-4e7f-11e8-b7df-e7f3194a84f4.html', 'https://phys.org/news/2018-05-milestone-madagascar-periwinkle-uncovers-pathway.html', 'http://www.windycitymediagroup.com/lgbt/SHOWBIZ-Tales-of-the-City-Kehlani-Bradley-Cooper-Cosby-fallout/62779.html']",0
48.0,1.92,0.0,Phillip,Frost,"['https://features.miami.edu/2018/frost-science-and-engineering-building/', 'https://prommanews.com/2018/05/03/phillip-frost-opko-health-inc-opks-insider-obtained-50330-shares-sunopta-inc-stkl-had-3-bulls/']",0
1.3333333333333333,0.08888888888888889,0.0,Michael,Gordon,"['http://www.couriermail.com.au/business/asic-has-permanently-banned-former-morgans-client-adviser-michael-gordon-mcilwraith-taylor-from-working-in-the-financial-services-sector/news-story/f3ec33decb71988f0ccffa1dd14c53a5', 'http://www.news.com.au/sport/nrl/nrl-supercoach-perfect-8-experts-tips-for-winning-270k/news-story/bddf2ee4659b9047d66721991e0e29b8', 'https://www.exchangerates.org.uk/news/21526/gbpnzd-exchange-rate-news-and-five-day-currency-predictions-forecast.html']",0
1.0,1.0,0.0,James,Forese,['https://www.businesslive.co.za/bd/companies/financial-services/2018-05-03-foreign-banks-vie-for-saudi-arabia-licences-amid-reform/'],0
37.0,1.5416666666666667,0.0,David,Pulver,['https://weekherald.com/2018/05/03/carters-cri-director-david-pulver-buys-3000-shares-of-stock.html'],0
0.0,0.0,0.0,Bob,Diamond,['https://www.sharesmagazine.co.uk/news/market/5956282/Director-Deals-Atlas-Mara-Co-invest-Ltd-ATMA'],0
1.75,0.11666666666666667,0.0,Michael,Gordon,"['https://www.stuff.co.nz/business/103553800/jobless-rate-falls-to-the-lowest-level-in-nearly-a-decade', 'http://www.brooklynvegan.com/tix-on-sale-death-cab-twin-shadow-old-crow-medicine-show-hr-bone-thugs-more/', 'https://www.alabasterreporter.com/2018/05/01/arrests-for-the-week-of-may-2-2018/', 'https://www.ifa.com.au/news/25471-asic-bans-morgans-financial-adviser']",0
0.0,0.0,0.0,Kevin,Starr,['https://stocknewstimes.com/2018/05/01/two-sigma-advisers-lp-takes-position-in-sage-therapeutics-inc-sage.html'],0
1.0,1.0,0.0,James,Forese,"['https://www.reuters.com/article/citigroup-saudi-rates/citis-senior-banker-says-rate-environment-supportive-of-corporates-raising-funds-idUSL8N1S925H', 'https://www.reuters.com/article/us-citigroup-saudi-rates/citi-considers-saudi-expansion-as-banks-aim-to-captalize-on-reforms-idUSKBN1I310B', 'http://www.arabnews.com/node/1295366/business-economy']",0
1.0,0.16666666666666666,0.0,Jane,Powers,['https://www.metrotimes.com/detroit/michigan-native-emily-jane-powers-gets-vulnerable/Content%3Foid%3D11686406'],0
19.0,1.1875,0.0,Jeffrey,Rothschild,['https://www.insidephilanthropy.com/home/2018/5/1/residential-colleges-vanderbilt-donors'],0
0.0,0.0,0.0,Karen,Cummings,"['https://www.standard.co.uk/lifestyle/foodanddrink/mono-lunch-trend-same-every-day-a3829126.html', 'http://demerarawaves.com/2018/05/01/produce-the-evidence-of-favouritism-in-public-service-ps-brotherson-to-gtucs-vansluytman-corbin/', 'http://demerarawaves.com/2018/05/01/no-salary-increases-for-teachers-as-yet-recommendations-with-finance-minister-granger/']",0
2.5,0.2777777777777778,0.0,John,O'Neil,"['https://girltalkhq.com/actress-jenny-paul-on-the-looming-tower-john-oneill-the-surge-of-woke-men-in-the-metoo-era/', 'https://pcherald.com/node/244']",0
4.0,0.23529411764705885,0.0,Andrew,Davis,"['http://www.mlive.com/expo/erry-2018/05/875ec49a155886/top_statewide_boys_track_and_f.html', 'http://www.news-graphic.com/news/jury-convicts-davis-on-four-child-porn-counts/article_cc5a2f88-4cb8-11e8-b08f-53f09b863400.html', 'http://www.mcall.com/news/breaking/mc--nws-pa-escaped-prisoner-death-20180501-story.html', 'http://www.nydailynews.com/new-york/wife-movie-producer-killed-taxi-crash-sues-cab-driver-article-1.3966940']",0
0.0,0.0,0.0,Bob,Diamond,"['https://www.bloomberg.com/news/articles/2018-05-01/milken-party-goers-courted-for-cash-in-fight-for-congress', 'http://www.stockmarketwire.com/article/5956282/Director-Deals-Atlas-Mara-Co-invest-Ltd-ATMA.html']",0
1.5,0.1,0.0,Michael,Gordon,"['http://www.charlotteobserver.com/news/local/crime/article210160539.html', 'http://www.mychamplainvalley.com/news/graffiti-suspect-turns-himself-in/1152057116', 'http://www.watoday.com.au/rugby-league/canberra-raiders/lui-uses-contract-as-motivation-ahead-of-raiders-return-20180501-p4zcpn.html', 'http://www.sportingnews.com/au/league/news/nrl-team-lists-2018-round-nine-draw-predicted-supercoach/ccq1hmgsa78y14gihttoeofc6']",0
0.0,0.0,0.0,Susan,Boland,['http://thechronicleherald.ca/novascotia/1566787-oceanfront-homeowners-flooded-with-grief-over-inaction-by-government'],0
4.0,0.13793103448275862,0.0,Steve,Cummings,['http://www.cyclingnews.com/features/keep-calm-and-carry-on-dimension-datas-sorry-season-so-far'],0
12.0,1.3333333333333333,0.0,Rocco,Landesman,['https://www.americantheatre.org/2018/04/30/nea-chair-jane-chu-is-stepping-down/'],0
1.0,1.0,0.0,James,Forese,['https://www.zawya.com/mena/en/story/Citi_Returns_as_Lead_Sponsor_of_Euromoney_Conference_in_Saudi_Arabia-ZAWYA20180501080444/'],0
4.75,0.2794117647058824,0.0,Andrew,Davis,"['https://lancasteronline.com/news/local/district-attorney-law-enforcement-isn-t-at-fault-in-the/article_b994ec6c-4c95-11e8-851a-6b365b40a009.html', 'https://www.necn.com/news/new-england/Worcester-Regional-Airport-Plans-for-Future-481298991.html', 'http://www.jacksonprogress-argus.com/news/local/butts-county-jail-logbook-may/article_e93db30a-b469-5bf9-82a5-3a3ea56778aa.html', 'https://patch.com/new-jersey/brick/ocean-county-pair-charged-marijuana-manufacture-prosecutor']",0
3.0,0.2307692307692308,0.0,Bob,Diamond,['https://www.cnbc.com/video/2018/04/30/atlas-merchant-ceo-on-investing-in-africa-european-banks.html'],0
1.0,0.06666666666666668,0.0,Michael,Gordon,['https://www.jcnews.com/content/district-1-boe-candidates-interviewed'],0
46.0,1.7692307692307692,0.0,Kevin,Starr,['https://weekherald.com/2018/04/30/sage-therapeutics-sage-getting-somewhat-favorable-news-coverage-study-shows.html'],0
7.666666666666668,0.3066666666666667,0.0,Phillip,Frost,"['https://www.fiercepharma.com/pharma/teva-shareholders-to-vote-newer-leaner-board-june', 'http://remezcla.com/lists/culture/remembering-laura-aguilar-the-chicana-photographer-who-turned-her-camera-to-las-invisible-communities/', 'https://www.gurufocus.com/news/673238/weekly-ceo-buys-highlight']",0
7.0,0.3888888888888889,0.0,Anne,Wolff,['http://www.richmond.com/business/local/trade-names-virginia-asset-management-is-widening-its-services-and/article_eb196802-b6b1-596c-8095-013414cb3308.html'],0
0.0,0.0,0.0,Catherine,Roosevelt,['http://www.kenoshanews.com/callies/article_22420479-6044-59cc-b06d-e4a12a704f88.html'],0
2.0,0.1176470588235294,0.0,Andrew,Davis,['http://www.thewestmorlandgazette.co.uk/leisure/whats_on/16192522.Young_sax_star_is_honoured_to_be_back_on_BBC_Proms_stage/'],0
1.75,0.11666666666666667,0.0,Michael,Gordon,"['http://www.hibbingmn.com/obituaries/michael-gordon-smith/article_8357796a-4a80-11e8-b8ce-cbea76b6f860.html', 'http://www.stuff.co.nz/nz-newspapers/central-north-island/sport/sport-region-6459/103464178/Josh-Dugan-injury-sours-Cronulla-Sharks-dramatic-late-win-over-Gold-Coast-Titans', 'https://www.telegraph.co.uk/football/2018/04/29/roberto-firmino-agrees-new-five-year-deal-keep-liverpool-20231/', 'http://kathmandupost.ekantipur.com/news/2018-04-29/between-two-points.html']",0
6.0,0.24,0.0,Phillip,Frost,"['https://www.calcalistech.com/ctech/articles/0,7340,L-3736963,00.html']",0
0.0,0.0,0.0,Bob,Diamond,['https://whmi.com/news/article/new-gas-station-mugg-bopps-marion-township'],0
3.0,0.10344827586206896,0.0,Steve,Cummings,['http://www.cyclist.co.uk/news/4674/brits-at-the-giro-ditalia-whos-on-the-start-list'],0
0.0,0.0,0.0,Karen,Cummings,['http://www.thedailynewsonline.com/bdn03/richard-clarence-cummings-20180427'],0
4.0,0.2222222222222222,0.0,Jessica,Stanton,['http://salinapost.com/2018/04/27/steel-ring-honor-society-announces-new-members/'],0
3.0,0.1764705882352941,0.0,Andrew,Davis,"['http://www.pjstar.com/special/20180427/illini-bluffs-high-school', 'https://vergecampus.com/2018/04/exclusive-interview-grounders-talk-new-music-toronto-life-and-fast-food/']",0
25.5,1.02,0.0,Phillip,Frost,"['https://friscofastball.com/reasons-for-phillip-frosts-share-purchase-of-opko-health-inc-nasdaqopks-stock/', 'http://markets.businessinsider.com/news/stocks/opko-health-to-remain-on-the-tel-aviv-stock-exchange-1022588254']",0
50.0,1.9230769230769231,0.0,Kevin,Starr,['https://macondaily.com/2018/04/27/sage-therapeutics-inc-sage-director-kevin-p-starr-sells-59000-shares-updated.html'],0
0.0,0.0,0.0,Robert,Burke,['https://www.mycitizensnews.com/news/2018/04/borough-backs-121-4m-budget-proposal/'],0
13.0,0.4482758620689655,0.0,Steve,Cummings,['http://www.cyclingnews.com/races/tour-de-romandie-2018/stage-2/live-report'],0
0.0,0.0,0.0,John,O'Neil,['https://patch.com/connecticut/canton-ct/canton-obituary-john-oneil-56'],0
2.333333333333333,0.1372549019607843,0.0,Andrew,Davis,"['https://www.palmbeachdailynews.com/lifestyles/home--garden/the-market-photos-2701-flagler-drive/lO5lzA9G4Lf4RS1ckjtnvI/', 'https://born2invest.com/articles/3-ways-pr-marketing-research-can-add-immense-value-brands/', 'https://sg.finance.yahoo.com/news/surge-singapores-home-prices-even-bigger-first-reported-023538251.html']",0
11.0,0.8461538461538461,0.0,Bob,Diamond,['https://www.globalcapital.com/article/b17y8b156p91xs/banker-who-defined-professionalism-in-abs'],0
0.0,0.0,0.0,Kathleen,Reed,['https://alleghenycampus.com/16111/international-2/campus-clubs-strive-to-create-inclusive-spaces/'],0
5.75,0.3833333333333333,0.0,Michael,Gordon,"['http://tworivertimes.com/personalized-appeal-yields-success-for-red-bank-pubic-library/', 'https://www.dailytelegraph.com.au/sport/nrl/nrl-daily-live-rolling-rugby-league-coverage-from-around-australia/news-story/c000018eba793625ea3bfcd258eb5dd0', 'https://lasentinel.net/alvin-ailey-dance-theater-inspire-with-new-and-classic-work.html', 'http://www.sportingnews.com/au/league/news/phil-gould-mitchell-pearce-pectoral-injury-nrl-2018/hw32iwuf07q510sbvdgrfxm69']",0
45.66666666666666,1.8266666666666669,0.0,Phillip,Frost,"['http://www.globes.co.il/en/article-eloxx-pharmaceuticals-raises-50m-on-nasdaq-1001233261', 'https://teletechwire.com/2018/04/26/phillip-frost-bought-55372-shares-of-opko-health-inc-opk-shorts-at-vape-holdings-vape-lowered-by-92-34/', 'https://www.businesswire.com/news/home/20180426005107/en/Ladenburg-Thalmann-Sends-Annual-Letter-Shareholders']",0
0.0,0.0,0.0,Peter,Rouse,['http://thegabber.com/pass-a-grille-way-work-finally-complete/'],0
6.0,0.206896551724138,0.0,Steve,Cummings,['http://www.cyclingnews.com/features/cummings-keeping-calm-in-the-eye-of-the-storm'],0
0.0,0.0,0.0,Pete,Rouse,['http://thegabber.com/pass-a-grille-way-work-finally-complete/'],0
